1;"Bálint Albert";1984-06-18;+36307185286;soma83@example.org;CP723882;HO084945;2022-06-13;2032-06-13;1064
2;"Orsós Kevin";1974-10-27;+36705477989;pinter.linda@example.org;TB215857;BG955186;2019-03-03;2029-03-03;3237
3;"Borbély Boglárka";1966-10-24;+36703135403;kristof88@example.org;TE402291;RE471146;2020-09-10;2030-09-10;3105
4;"Bakos Gréta";1963-01-06;+36701595913;albert30@example.org;KQ777781;VD916446;2017-03-26;2027-03-26;7536
5;"Németh Kornél";1994-07-01;+36209295551;hunor05@example.org;YJ933681;EX472860;2021-04-04;2031-04-04;6437
6;"Deák Péter";1976-12-21;+36207613601;attila04@example.org;IB966326;JR880413;2015-08-29;2025-08-29;8228
7;"Lakatos Liliána";1967-08-19;+36302668918;balazs81@example.com;IU979965;YY482743;2017-09-17;2027-09-17;4079
8;"Mészáros Márton";1984-03-28;+36307667307;maria34@example.com;XS529059;FT037953;2021-09-22;2031-09-22;5223
9;"Kovács Ádám";1985-02-18;+36309527798;szabo.gabor@example.net;YH256064;SP744558;2024-03-04;2034-03-04;5395
10;"Rácz Mia";1991-07-15;+36208597694;mia.vegh@example.net;NK674655;AL375043;2016-04-25;2026-04-25;5942
11;"Csonka Mia";1963-10-20;+36708498713;nikoletta72@example.org;TK014889;DI212939;2018-09-29;2028-09-29;1588
12;"Dudás Kornél";1965-08-03;+36207941202;wjonas@example.net;IO860410;YX713224;2022-07-28;2032-07-28;9526
13;"Fazekas Benedek";1994-11-28;+36300720729;kovacs.bettina@example.org;EG428019;GB445436;2018-12-28;2028-12-28;1934
14;"Nemes Dorián";2000-10-11;+36203183352;ofeher@example.org;XB369740;GB977194;2021-08-26;2031-08-26;5103
15;"Pintér Zsombor";1989-08-05;+36709348947;julianna67@example.com;QJ395249;FT891174;2019-03-16;2029-03-16;6859
16;"Soós Liliána";1999-12-25;+36707037916;liza96@example.net;OC126950;GS886434;2017-05-03;2027-05-03;7831
17;"Pásztor Szabina";1998-06-05;+36700790347;vbiro@example.net;GQ138438;AM354353;2020-11-08;2030-11-08;2319
18;"Jakab Liliána";1991-09-06;+36303539828;ksoos@example.org;BI150644;XX604905;2021-10-30;2031-10-30;6580
19;"László Erzsébet";1987-06-08;+36700614486;xnemeth@example.net;PK664809;UL180463;2022-08-31;2032-08-31;6614
20;"Orosz Dorián";1985-04-23;+36304921776;kfeher@example.com;AP213535;SS993340;2021-07-18;2031-07-18;4574
