-- Drop existing tables if they exist to avoid constraint issues
DROP TABLE IF EXISTS Berles;
DROP TABLE IF EXISTS Felszereltseg;
DROP TABLE IF EXISTS Felhasznalok;
DROP TABLE IF EXISTS Szemely;
DROP TABLE IF EXISTS Kategoriak;
DROP TABLE IF EXISTS Autok;

-- Create the database if it doesn't exist
CREATE DATABASE IF NOT EXISTS PowerAndGo
CHARACTER SET utf8
COLLATE utf8_hungarian_ci;
USE PowerAndGo;

-- Create Autok table
CREATE TABLE Autok (
  autok_id INT AUTO_INCREMENT PRIMARY KEY,
  gyartmany ENUM('Skoda', 'VW', 'KIA', 'Opel', 'Renault'),
  tipus VARCHAR(10) NOT NULL,
  rendszam VARCHAR(9) NOT NULL UNIQUE,
  teljesitmeny TINYINT NOT NULL,
  gyorsulas DECIMAL(3,1) NOT NULL,
  vegsebesseg TINYINT NOT NULL,
  gumimeret VARCHAR(15) NOT NULL,
  hatotav INT NOT NULL,
  gyartasi_ev ENUM('2020', '2021', '2022', '2023')
);

-- Create Kategoriak table
CREATE TABLE Kategoriak (
   kat_id INT AUTO_INCREMENT PRIMARY KEY,
   kat_besorolas ENUM('0', '1', '2', '3', '4'),
   kat_modell_nev VARCHAR(10),
   autok_id_FK INT
);

-- Create Szemely table
CREATE TABLE Szemely (
    Szig_szam VARCHAR(15) PRIMARY KEY,
    jogositvany_szama VARCHAR(20),
    jogositvany_ervenyesseg DATE NOT NULL,
    jogositvany_lejarata DATE NOT NULL,
    V_nev VARCHAR(35) NOT NULL,
    K_nev VARCHAR(35) NOT NULL,
    felh_nev VARCHAR(20) NOT NULL UNIQUE,
    felh_jelszo VARCHAR(20) NOT NULL,
    szul_datum DATE NOT NULL,
    telefon VARCHAR(19) NOT NULL,
    email VARCHAR(50) NOT NULL
);

-- Create Felhasznalok table
CREATE TABLE Felhasznalok (
    felh_id INT AUTO_INCREMENT PRIMARY KEY,
    felh_nev VARCHAR(20) NOT NULL,
    elofiz_kat ENUM('0', '1', '2', '3'),
    jogositvany_szama_FK  VARCHAR(20),
    jelszo_masodik_utolso_szamjegye CHAR(2)
);

-- Create Felszereltseg table
CREATE TABLE Felszereltseg (
    felszereltseg_id INT AUTO_INCREMENT PRIMARY KEY,
    tolatokamera ENUM('igen', 'nem'),
    m_kormany ENUM('igen', 'nem'),
    savtarto ENUM('igen', 'nem'),
    tempomat ENUM('igen', 'nem'),
    auto_id_FK INT
);

-- Create Berles table
CREATE TABLE Berles (
  berles_azon INT AUTO_INCREMENT PRIMARY KEY,
  berles_kezd DATE,
  berles_veg DATE,
  kat_FK INT,
  felh_nev_FK VARCHAR(20) NOT NULL,
  rendszam_FK VARCHAR(9)
);

-- Insert data into Szemely table
-- Szemely adatok beszúrása
INSERT INTO Szemely (Szig_szam, jogositvany_szama, jogositvany_ervenyesseg, jogositvany_lejarata, V_nev, K_nev, felh_nev, felh_jelszo, szul_datum, telefon, email) VALUES
('XY456780', 'AB123456', '2020-01-01', '2030-01-01', 'Kiss', 'Janos', 'janoskiss', '1234567890', '1985-06-15', '+36301234567', 'kiss.janos@gmail.com'),
('YZ567891', 'BC234567', '2019-03-15', '2029-03-15', 'Nagy', 'Peter', 'peternagy', '2345678901', '1990-08-20', '06203456789', 'nagy.peter@gmail.com'),
('ZA678902', 'CD345678', '2021-05-20', '2031-05-20', 'Toth', 'Eva', 'evatoth', '3456789012', '1982-12-05', '0036703456789', 'toth.eva@gmail.com'),
('AB789013', 'DE456789', '2022-07-25', '2032-07-25', 'Szabo', 'Istvan', 'istvanszabo', '4567890123', '1978-02-10', '+36302034567', 'szabo.istvan@gmail.com'),
('BC890124', 'EF567890', '2018-11-30', '2028-11-30', 'Horvath', 'Zsuzsa', 'zsuzsahorvath', '5678901234', '1995-09-25', '06203012345', 'horvath.zsuzsa@gmail.com');
-- Insert data into Felhasznalok table
INSERT INTO Felhasznalok (felh_nev, elofiz_kat, jogositvany_szama_FK) VALUES
('janoskiss', '1', 'AB123456'),
('peternagy', '0', 'BC234567'),
('evatoth', '3', 'CD345678'),
('istvanszabo', '1', 'DE456789'),
('zsuzsahorvath', '2', 'EF567890'),
('tamaskovacs', '1', 'FG678901'),
('anikobalogh', '0', 'GH789012'),
('laszlomolnar', '3', 'HI890123'),
('katalinfarkas', '1', 'IJ901234'),
('belanemes', '2', 'JK012345'),
('emesevarga', '0', 'KL123456'),
('janoslukacs', '3', 'LM234567'),
('peterbiro', '2', 'MN345678'),
('zsuzsafeher', '1', 'NO456789'),
('tamassimon', '0', 'OP567890'),
('anikogabor', '3', 'PQ678901'),
('laszlolez', '2', 'QR789012'),
('katalinkiss', '1', 'RS890123'),
('janosnagy', '0', 'ST901234'),
('petertoth', '3', 'TU012345'),
('eva_szabo', '2', 'UV123456'),
('istvanhorvath', '1', 'VW234567'),
('zsuzsakovacs', '0', 'WX345678'),
('tamasbalogh', '2', 'XY456789'),
('laszlo_molnar', '3', 'YZ567890'),
('anikofarkas', '1', 'ZA678901'),
('janosnemes', '2', 'AB789013'),
('petervarga', '0', 'BC890124'),
('zsuzsalukacs', '3', 'CD901235'),
('tamasbiro', '1', 'DE012346'),
('laszlofeher', '2', 'EF123457'),
('katalinsimon', '0', 'FG234568'),
('janosgabor', '3', 'GH345679'),
('emesselazlo', '1', 'HI456780'),
('belakiss', '2', 'IJ567891'),
('evanagy', '0', 'JK678902'),
('istvantoth', '3', 'KL789013'),
('peterszabo', '1', 'LM890124'),
('zsuzsahorvath2', '2', 'MN901235'),
('tamaskovacs2', '0', 'NO012346'),
('anikobalogh2', '3', 'OP123457'),
('laszlo_molnar2', '1', 'PQ234568'),
('katalinfarkas2', '2', 'QR345679'),
('belanemes2', '0', 'RS456780'),
('emesevarga2', '3', 'ST567891'),
('janoslukacs2', '1', 'TU678902'),
('peterbiro2', '2', 'UV789013'),
('zsuzsafeher2', '0', 'VW890124'),
('tamassimon2', '3', 'WX901235'),
('anikogabor2', '1', 'XY012346');
-- Insert data into Autok table
INSERT INTO Autok (gyartmany, tipus, rendszam, teljesitmeny, gyorsulas, vegsebesseg, gumimeret, hatotav, gyartasi_ev) VALUES
('VW', 'e-up!', 'AADT-141', 36, 12.4, 130, '165/65 R15', 300, '2023'),
('Renault', 'Kangoo Z.E.', 'JUY-598', 45, 22.3, 130, '165/65 R15', 285, '2022'),
('Renault', 'Kangoo Z.E.', 'WIY-438', 45, 22.3, 130, '165/65 R15', 285, '2020'),
('Renault', 'Kangoo Z.E.', 'DHZ-468', 45, 22.3, 130, '165/65 R15', 285, '2021'),
('Opel', 'Vivaro-e', 'AATN-400', 50, 11.0, 192, '165/65 R16', 320, '2022'),
('VW', 'e-up!', 'AAQI-244', 18, 12.4, 130, '165/65 R15', 130, '2022'),
('Skoda', 'Citigo e iV', 'AAOR-342', 36, 12.3, 130, '165/65 R16', 300, '2020'),
('Skoda', 'Citigo e iV', 'AAVA-554', 36, 12.3, 130, '165/65 R16', 300, '2022'),
('VW', 'e-up!', 'NZB-683', 18, 12.4, 130, '165/65 R15', 130, '2021'),
('Opel', 'Vivaro-e', 'AAXK-606', 50, 11.0, 192, '165/65 R16', 320, '2021'),
('Skoda', 'Citigo e iV', 'AAAE-015', 36, 12.3, 130, '165/65 R16', 300, '2021'),
('VW', 'e-up!', 'AASZ-644', 18, 12.4, 130, '165/65 R15', 130, '2020'),
('Renault', 'Kangoo Z.E.', 'HVH-738', 45, 22.3, 130, '165/65 R15', 285, '2023'),
('KIA', 'Niro EV', 'IIC-458', 65, 7.8, 167, '165/65 R17', 350, '2023'),
('KIA', 'Niro EV', 'AAJB-202', 65, 7.8, 167, '165/65 R17', 350, '2021'),
('Renault', 'Kangoo Z.E.', 'ACH-545', 45, 22.3, 130, '165/65 R15', 285, '2023'),
('Skoda', 'Citigo e iV', 'AAVG-202', 36, 12.3, 130, '165/65 R16', 300, '2022'),
('VW', 'e-up!', 'AAEK-392', 36, 12.4, 130, '165/65 R15', 300, '2020'),
('Skoda', 'Citigo e iV', 'AAGT-730', 36, 12.3, 130, '165/65 R16', 300, '2022'),
('Skoda', 'Citigo e iV', 'LKW-145', 36, 12.3, 130, '165/65 R16', 300, '2020'),
('Renault', 'Kangoo Z.E.', 'JIQ-063', 45, 22.3, 130, '165/65 R15', 285, '2022'),
('Skoda', 'Citigo e iV', 'PLJ-938', 36, 12.3, 130, '165/65 R16', 300, '2023'),
('Opel', 'Vivaro-e', 'VUW-175', 50, 11.0, 192, '165/65 R16', 320, '2023'),
('Skoda', 'Citigo e iV', 'AAFA-030', 36, 12.3, 130, '165/65 R16', 300, '2020'),
('Renault', 'Kangoo Z.E.', 'AAXS-702', 45, 22.3, 130, '165/65 R15', 285, '2023'),
('Skoda', 'Citigo e iV', 'AAZX-887', 36, 12.3, 130, '165/65 R16', 300, '2022'),
('VW', 'e-up!', 'ANN-864', 36, 12.4, 130, '165/65 R15', 300, '2021'),
('Renault', 'Kangoo Z.E.', 'AAUA-437', 45, 22.3, 130, '165/65 R15', 285, '2020'),
('KIA', 'Niro EV', 'WHY-257', 65, 7.8, 167, '165/65 R17', 350, '2022'),
('Renault', 'Kangoo Z.E.', 'ERZ-636', 45, 22.3, 130, '165/65 R15', 285, '2023'),
('Renault', 'Kangoo Z.E.', 'AASW-421', 45, 22.3, 130, '165/65 R15', 285, '2021'),
('Renault', 'Kangoo Z.E.', 'AAVU-906', 45, 22.3, 130, '165/65 R15', 285, '2021'),
('Opel', 'Vivaro-e', 'ORD-943', 50, 11.0, 192, '165/65 R16', 320, '2023'),
('Skoda', 'Citigo e iV', 'BBV-651', 36, 12.3, 130, '165/65 R16', 300, '2020'),
('Skoda', 'Citigo e iV', 'SVV-429', 36, 12.3, 130, '165/65 R16', 300, '2023'),
('Skoda', 'Citigo e iV', 'EYL-237', 36, 12.3, 130, '165/65 R16', 300, '2022'),
('Renault', 'Kangoo Z.E.', 'AAXM-205', 45, 22.3, 130, '165/65 R15', 285, '2022'),
('VW', 'e-up!', 'AAFB-767', 36, 12.4, 130, '165/65 R15', 300, '2022'),
('KIA', 'Niro EV', 'WZK-669', 65, 7.8, 167, '165/65 R17', 350, '2023'),
('VW', 'e-up!', 'WAX-049', 18, 12.4, 130, '165/65 R15', 130, '2022'),
('Renault', 'Kangoo Z.E.', 'AAAU-595', 45, 22.3, 130, '165/65 R15', 285, '2020'),
('Opel', 'Vivaro-e', 'AACQ-618', 50, 11.0, 192, '165/65 R16', 320, '2023'),
('VW', 'e-up!', 'AAHA-035', 36, 12.4, 130, '165/65 R15', 300, '2023'),
('VW', 'e-up!', 'AAMO-331', 18, 12.4, 130, '165/65 R15', 130, '2022'),
('Skoda', 'Citigo e iV', 'PNJ-580', 36, 12.3, 130, '165/65 R16', 300, '2023'),
('Renault', 'Kangoo Z.E.', 'AUS-358', 45, 22.3, 130, '165/65 R15', 285, '2022'),
('VW', 'e-up!', 'YQI-791', 18, 12.4, 130, '165/65 R15', 130, '2022'),
('Renault', 'Kangoo Z.E.', 'AALG-527', 45, 22.3, 130, '165/65 R15', 285, '2023'),
('Opel', 'Vivaro-e', 'AADX-135', 50, 11.0, 192, '165/65 R16', 320, '2021'),
('KIA', 'Niro EV', 'AABF-124', 65, 7.8, 167, '165/65 R17', 350, '2020'),
('VW', 'e-up!', 'NJP-763', 18, 12.4, 130, '165/65 R15', 130, '2020'),
('KIA', 'Niro EV', 'AAQP-850', 65, 7.8, 167, '165/65 R17', 350, '2021'),
('KIA', 'Niro EV', 'AATE-039', 65, 7.8, 167, '165/65 R17', 350, '2021'),
('VW', 'e-up!', 'AAEY-604', 36, 12.4, 130, '165/65 R15', 300, '2023'),
('KIA', 'Niro EV', 'IJU-917', 65, 7.8, 167, '165/65 R17', 350, '2021'),
('Opel', 'Vivaro-e', 'XTH-687', 50, 11.0, 192, '165/65 R16', 320, '2022'),
('Opel', 'Vivaro-e', 'BYW-278', 50, 11.0, 192, '165/65 R16', 320, '2020'),
('KIA', 'Niro EV', 'AASE-260', 65, 7.8, 167, '165/65 R17', 350, '2023'),
('KIA', 'Niro EV', 'OCI-599', 65, 7.8, 167, '165/65 R17', 350, '2020'),
('Skoda', 'Citigo e iV', 'AAGU-884', 36, 12.3, 130, '165/65 R16', 300, '2021'),
('KIA', 'Niro EV', 'AANY-550', 65, 7.8, 167, '165/65 R17', 350, '2021'),
('Skoda', 'Citigo e iV', 'AASG-222', 36, 12.3, 130, '165/65 R16', 300, '2023'),
('Skoda', 'Citigo e iV', 'AAWJ-220', 36, 12.3, 130, '165/65 R16', 300, '2021'),
('Opel', 'Vivaro-e', 'DCU-016', 50, 11.0, 192, '165/65 R16', 320, '2021'),
('VW', 'e-up!', 'PNA-350', 36, 12.4, 130, '165/65 R15', 300, '2022'),
('Opel', 'Vivaro-e', 'AAHP-066', 50, 11.0, 192, '165/65 R16', 320, '2021'),
('Opel', 'Vivaro-e', 'EIV-411', 50, 11.0, 192, '165/65 R16', 320, '2023'),
('Renault', 'Kangoo Z.E.', 'MWY-251', 45, 22.3, 130, '165/65 R15', 285, '2021'),
('VW', 'e-up!', 'WPU-902', 18, 12.4, 130, '165/65 R15', 130, '2021'),
('Skoda', 'Citigo e iV', 'VXW-850', 36, 12.3, 130, '165/65 R16', 300, '2023'),
('Opel', 'Vivaro-e', 'JFB-974', 50, 11.0, 192, '165/65 R16', 320, '2023'),
('Opel', 'Vivaro-e', 'AAQI-071', 50, 11.0, 192, '165/65 R16', 320, '2021'),
('Skoda', 'Citigo e iV', 'SKP-549', 36, 12.3, 130, '165/65 R16', 300, '2023'),
('KIA', 'Niro EV', 'AAMI-413', 65, 7.8, 167, '165/65 R17', 350, '2021'),
('Skoda', 'Citigo e iV', 'AAUE-352', 36, 12.3, 130, '165/65 R16', 300, '2022'),
('Skoda', 'Citigo e iV', 'AAYC-403', 36, 12.3, 130, '165/65 R16', 300, '2023'),
('KIA', 'Niro EV', 'AASQ-485', 65, 7.8, 167, '165/65 R17', 350, '2021'),
('Skoda', 'Citigo e iV', 'AAMJ-590', 36, 12.3, 130, '165/65 R16', 300, '2023'),
('VW', 'e-up!', 'TMG-602', 36, 12.4, 130, '165/65 R15', 300, '2023'),
('Opel', 'Vivaro-e', 'YJZ-301', 50, 11.0, 192, '165/65 R16', 320, '2022'),
('KIA', 'Niro EV', 'AAKV-873', 65, 7.8, 167, '165/65 R17', 350, '2023'),
('Renault', 'Kangoo Z.E.', 'AAZA-076', 45, 22.3, 130, '165/65 R15', 285, '2020'),
('Skoda', 'Citigo e iV', 'BQC-374', 36, 12.3, 130, '165/65 R16', 300, '2023'),
('VW', 'e-up!', 'OII-590', 36, 12.4, 130, '165/65 R15', 300, '2023'),
('VW', 'e-up!', 'AAVN-578', 18, 12.4, 130, '165/65 R15', 130, '2021'),
('Opel', 'Vivaro-e', 'AABG-064', 50, 11.0, 192, '165/65 R16', 320, '2021'),
('KIA', 'Niro EV', 'BHF-753', 65, 7.8, 167, '165/65 R17', 350, '2020'),
('KIA', 'Niro EV', 'AKX-785', 65, 7.8, 167, '165/65 R17', 350, '2022'),
('Renault', 'Kangoo Z.E.', 'IMK-441', 45, 22.3, 130, '165/65 R15', 285, '2021'),
('Renault', 'Kangoo Z.E.', 'AAGS-353', 45, 22.3, 130, '165/65 R15', 285, '2020'),
('Renault', 'Kangoo Z.E.', 'AAAC-818', 45, 22.3, 130, '165/65 R15', 285, '2020'),
('VW', 'e-up!', 'WNS-434', 36, 12.4, 130, '165/65 R15', 300, '2023'),
('KIA', 'Niro EV', 'QRX-734', 65, 7.8, 167, '165/65 R17', 350, '2021'),
('Opel', 'Vivaro-e', 'AAEI-755', 50, 11.0, 192, '165/65 R16', 320, '2022'),
('Renault', 'Kangoo Z.E.', 'OEI-166', 45, 22.3, 130, '165/65 R15', 285, '2020'),
('KIA', 'Niro EV', 'NQZ-827', 65, 7.8, 167, '165/65 R17', 350, '2023'),
('Renault', 'Kangoo Z.E.', 'ZXE-782', 45, 22.3, 130, '165/65 R15', 285, '2020'),
('Skoda', 'Citigo e iV', 'AABT-523', 36, 12.3, 130, '165/65 R16', 300, '2020'),
('KIA', 'Niro EV', 'AAUY-669', 65, 7.8, 167, '165/65 R17', 350, '2023'),
('Opel', 'Vivaro-e', 'AAAE-473', 50, 11.5, 192, '165/65 R16', 320, '2021');

-- Insert data into Kategoriak table
INSERT INTO Kategoriak (kat_id, kat_besorolas, kat_modell_nev, autok_id_FK) VALUES
(1, '0', 'e-Up!', 1),
(2, '1', 'e-Up!', 2),
(3, '1', 'Citigo', 3),
(4, '2', 'Niro', 4),
(5, '3', 'Vivaro-e', 5),
(6, '4', 'Kangoo Z.E.', 6);

-- Insert data into Felszereltseg table
INSERT INTO Felszereltseg (tolatokamera, m_kormany, savtarto, tempomat, auto_id_FK) VALUES
('igen', 'igen', 'igen', 'igen', 1),
('igen', 'igen', 'igen', 'igen', 2),
('igen', 'igen', 'igen', 'igen', 3),
('igen', 'igen', 'igen', 'igen', 4),
('igen', 'igen', 'igen', 'igen', 5),
('nem', 'nem', 'nem', 'nem', 6),
('igen', 'igen', 'igen', 'igen', 7),
('igen', 'igen', 'igen', 'igen', 8),
('nem', 'nem', 'nem', 'nem', 9),
('igen', 'igen', 'igen', 'igen', 10),
('igen', 'igen', 'igen', 'igen', 11),
('nem', 'nem', 'nem', 'nem', 12),
('igen', 'igen', 'igen', 'igen', 13),
('igen', 'igen', 'igen', 'igen', 14),
('igen', 'igen', 'igen', 'igen', 15),
('igen', 'igen', 'igen', 'igen', 16),
('igen', 'igen', 'igen', 'igen', 17),
('igen', 'igen', 'igen', 'igen', 18),
('igen', 'igen', 'igen', 'igen', 19),
('igen', 'igen', 'igen', 'igen', 20),
('igen', 'igen', 'igen', 'igen', 21),
('igen', 'igen', 'igen', 'igen', 22),
('igen', 'igen', 'igen', 'igen', 23),
('igen', 'igen', 'igen', 'igen', 24),
('igen', 'igen', 'igen', 'igen', 25),
('igen', 'igen', 'igen', 'igen', 26),
('igen', 'igen', 'igen', 'igen', 27),
('igen', 'igen', 'igen', 'igen', 28),
('igen', 'igen', 'igen', 'igen', 29),
('igen', 'igen', 'igen', 'igen', 30),
('igen', 'igen', 'igen', 'igen', 31),
('igen', 'igen', 'igen', 'igen', 32),
('igen', 'igen', 'igen', 'igen', 33),
('igen', 'igen', 'igen', 'igen', 34),
('igen', 'igen', 'igen', 'igen', 35),
('igen', 'igen', 'igen', 'igen', 36),
('igen', 'igen', 'igen', 'igen', 37),
('igen', 'igen', 'igen', 'igen', 38),
('igen', 'igen', 'igen', 'igen', 39),
('igen', 'igen', 'igen', 'igen', 40),
('igen', 'igen', 'igen', 'igen', 41),
('igen', 'igen', 'igen', 'igen', 42),
('igen', 'igen', 'igen', 'igen', 43),
('igen', 'igen', 'igen', 'igen', 44),
('igen', 'igen', 'igen', 'igen', 45),
('igen', 'igen', 'igen', 'igen', 46),
('igen', 'igen', 'igen', 'igen', 47),
('igen', 'igen', 'igen', 'igen', 48),
('igen', 'igen', 'igen', 'igen', 49),
('igen', 'igen', 'igen', 'igen', 50),
('igen', 'igen', 'igen', 'igen', 51),
('igen', 'igen', 'igen', 'igen', 52),
('igen', 'igen', 'igen', 'igen', 53),
('igen', 'igen', 'igen', 'igen', 54),
('igen', 'igen', 'igen', 'igen', 55),
('igen', 'igen', 'igen', 'igen', 56),
('igen', 'igen', 'igen', 'igen', 57),
('igen', 'igen', 'igen', 'igen', 58),
('igen', 'igen', 'igen', 'igen', 59),
('igen', 'igen', 'igen', 'igen', 60),
('igen', 'igen', 'igen', 'igen', 61),
('igen', 'igen', 'igen', 'igen', 62),
('igen', 'igen', 'igen', 'igen', 63),
('igen', 'igen', 'igen', 'igen', 64),
('igen', 'igen', 'igen', 'igen', 65),
('igen', 'igen', 'igen', 'igen', 66),
('igen', 'igen', 'igen', 'igen', 67),
('igen', 'igen', 'igen', 'igen', 68),
('igen', 'igen', 'igen', 'igen', 69),
('igen', 'igen', 'igen', 'igen', 70),
('igen', 'igen', 'igen', 'igen', 71),
('igen', 'igen', 'igen', 'igen', 72),
('igen', 'igen', 'igen', 'igen', 73),
('igen', 'igen', 'igen', 'igen', 74),
('igen', 'igen', 'igen', 'igen', 75),
('igen', 'igen', 'igen', 'igen', 76),
('igen', 'igen', 'igen', 'igen', 77),
('igen', 'igen', 'igen', 'igen', 78),
('igen', 'igen', 'igen', 'igen', 79),
('igen', 'igen', 'igen', 'igen', 80),
('igen', 'igen', 'igen', 'igen', 81),
('igen', 'igen', 'igen', 'igen', 82),
('igen', 'igen', 'igen', 'igen', 83),
('igen', 'igen', 'igen', 'igen', 84),
('igen', 'igen', 'igen', 'igen', 85),
('igen', 'igen', 'igen', 'igen', 86),
('igen', 'igen', 'igen', 'igen', 87),
('igen', 'igen', 'igen', 'igen', 88),
('igen', 'igen', 'igen', 'igen', 89),
('igen', 'igen', 'igen', 'igen', 90),
('igen', 'igen', 'igen', 'igen', 91),
('igen', 'igen', 'igen', 'igen', 92),
('igen', 'igen', 'igen', 'igen', 93),
('igen', 'igen', 'igen', 'igen', 94),
('igen', 'igen', 'igen', 'igen', 95),
('igen', 'igen', 'igen', 'igen', 96),
('igen', 'igen', 'igen', 'igen', 97),
('igen', 'igen', 'igen', 'igen', 98),
('igen', 'igen', 'igen', 'igen', 99),
('igen', 'igen', 'igen', 'igen', 100);

-- Insert data into Berles table
INSERT INTO Berles (berles_kezd, berles_veg, kat_FK, felh_nev_FK, rendszam_FK) VALUES
('2024-08-01 06:17:23', NULL, 4, 'janoskiss', 'AADT-141'),
('2024-08-01 01:59:10', NULL, 3, 'peternagy', 'JUY-598'),
('2024-08-02 10:08:34', NULL, 1, 'evatoth', 'WIY-438'),
('2024-08-03 01:46:38', NULL, 1, 'istvanszabo', 'DHZ-468'),
('2024-08-04 00:38:14', NULL, 2, 'zsuzsahorvath', 'AATN-400');