use powerandgo;

INSERT INTO Szemely (Szig_szam, jogositvany_szama, jogositvany_ervenyesseg, jogositvany_lejarata, V_nev, K_nev, felh_nev, felh_jelszo, szul_datum, telefon, email) VALUES
('XY456780', 'AB123456', '2020-01-01', '2030-01-01', 'Kiss', 'Janos', 'janoskiss', '1234567890', '1985-06-15', '+36301234567', 'kiss.janos@gmail.com'),
('YZ567890', 'BC234567', '2019-03-15', '2029-03-15', 'Nagy', 'Peter', 'peternagy', '2345678901', '1990-08-20', '06203456789', 'nagy.peter@gmail.com'),
('ZA678901', 'CD345678', '2021-05-20', '2031-05-20', 'Toth', 'Eva', 'evatoth', '3456789012', '1982-12-05', '0036703456789', 'toth.eva@gmail.com'),
('AB789012', 'DE456789', '2022-07-25', '2032-07-25', 'Szabo', 'Istvan', 'istvanszabo', '4567890123', '1978-02-10', '+36302034567', 'szabo.istvan@gmail.com'),
('BC890123', 'EF567890', '2018-11-30', '2028-11-30', 'Horvath', 'Zsuzsa', 'zsuzsahorvath', '5678901234', '1995-09-25', '06203012345', 'horvath.zsuzsa@gmail.com'),
('CD901234', 'FG678901', '2020-04-10', '2030-04-10', 'Kovacs', 'Tamas', 'tamaskovacs', '6789012345', '1980-07-14', '0036201234567', 'kovacs.tamas@gmail.com'),
('DE012345', 'GH789012', '2019-08-18', '2029-08-18', 'Balogh', 'Aniko', 'anikobalogh', '7890123456', '1988-01-01', '0036701234567', 'balogh.aniko@gmail.com'),
('EF123456', 'HI890123', '2021-12-05', '2031-12-05', 'Molnar', 'Laszlo', 'laszlomolnar', '8901234567', '1975-05-22', '+36301234567', 'molnar.laszlo@gmail.com'),
('FG234567', 'IJ901234', '2018-09-10', '2028-09-10', 'Farkas', 'Katalin', 'katalinfarkas', '9012345678', '1993-11-11', '0620701234567', 'farkas.katalin@gmail.com'),
('GH345678', 'JK012345', '2020-10-20', '2030-10-20', 'Nemes', 'Bela', 'belanemes', '0123456789', '1983-03-03', '0036702345678', 'nemes.bela@gmail.com'),
('HI456789', 'KL123456', '2019-06-30', '2029-06-30', 'Varga', 'Emese', 'emesevarga', '1234567891', '1987-04-16', '0620302345678', 'varga.emese@gmail.com'),
('IJ567890', 'LM234567', '2021-04-15', '2031-04-15', 'Lukacs', 'Janos', 'janoslukacs', '2345678902', '1991-09-09', '0036203456789', 'lukacs.janos@gmail.com'),
('JK678901', 'MN345678', '2018-11-05', '2028-11-05', 'Biro', 'Peter', 'peterbiro', '3456789013', '1979-07-23', '0620304567890', 'biro.peter@gmail.com'),
('KL789012', 'NO456789', '2022-01-20', '2032-01-20', 'Feher', 'Zsuzsa', 'zsuzsafeher', '4567890124', '1984-10-30', '0036204567890', 'feher.zsuzsa@gmail.com'),
('LM890123', 'OP567890', '2019-05-25', '2029-05-25', 'Simon', 'Tamas', 'tamassimon', '5678901235', '1981-12-12', '0620305678901', 'simon.tamas@gmail.com'),
('MN901234', 'PQ678901', '2020-12-10', '2030-12-10', 'Gabor', 'Aniko', 'anikogabor', '6789012346', '1986-02-20', '0036206789012', 'gabor.aniko@gmail.com'),
('NO012345', 'QR789012', '2018-07-05', '2028-07-05', 'Lazlo', 'Laszlo', 'laszlolez', '7890123457', '1992-11-30', '0620707890123', 'laszlo.laszlo@gmail.com'),
('OP123456', 'RS890123', '2021-02-25', '2031-02-25', 'Kiss', 'Katalin', 'katalinkiss', '8901234568', '1985-06-06', '0036208901234', 'kiss.katalin@gmail.com'),
('PQ234567', 'ST901234', '2019-03-15', '2029-03-15', 'Nagy', 'Janos', 'janosnagy', '9012345679', '1980-08-18', '0036209012345', 'nagy.janos@gmail.com'),
('QR345678', 'TU012345', '2020-01-01', '2030-01-01', 'Toth', 'Peter', 'petertoth', '0123456780', '1977-12-31', '+36301234567', 'toth.peter@gmail.com'),
('RS456789', 'UV123456', '2019-06-20', '2029-06-20', 'Szabo', 'Eva', 'eva_szabo', '1234567892', '1982-09-19', '+3630202345678', 'szabo.eva@gmail.com'),
('ST567890', 'VW234567', '2022-05-05', '2032-05-05', 'Horvath', 'Istvan', 'istvanhorvath', '2345678903', '1990-12-25', '0036202345678', 'horvath.zsuzsa@gmail.com'),
('TU678901', 'WX345678', '2020-10-30', '2030-10-30', 'Kovacs', 'Zsuzsa', 'zsuzsakovacs', '3456789014', '1988-04-15', '0620303456789', 'kovacs.zsuzsa@gmail.com'),
('UV789012', 'XY456789', '2018-02-18', '2028-02-18', 'Balogh', 'Tamas', 'tamasbalogh', '4567890125', '1983-08-29', '+3630204567890', 'balogh.tamas@gmail.com'),
('VW890123', 'YZ567890', '2021-08-08', '2031-08-08', 'Molnar', 'Laszlo', 'laszlo_molnar', '5678901236', '1979-03-03', '0036205678901', 'molnar.laszlo@gmail.com'),
('WX901234', 'ZA678901', '2019-12-12', '2029-12-12', 'Farkas', 'Aniko', 'anikofarkas', '6789012347', '1986-07-20', '0620706789012', 'farkas.aniko@gmail.com'),
('XY012345', 'AB789013', '2020-06-06', '2030-06-06', 'Nemes', 'Janos', 'janosnemes', '7890123458', '1981-11-11', '+3630207890123', 'nemes.janos@gmail.com'),
('YZ678901', 'BC890124', '2018-11-11', '2028-11-11', 'Varga', 'Peter', 'petervarga', '8901234569', '1987-06-14', '0036208901234', 'varga.peter@gmail.com'),
('ZA789012', 'CD901235', '2021-03-03', '2031-03-03', 'Lukacs', 'Zsuzsa', 'zsuzsalukacs', '9012345670', '1993-10-10', '+3630209012345', 'lukacs.zsuzsa@gmail.com'),
('AB890123', 'DE012346', '2019-09-09', '2029-09-09', 'Biro', 'Tamas', 'tamasbiro', '0123456781', '1982-01-01', '0036201234567', 'biro.tamas@gmail.com'),
('BC901234', 'EF123457', '2022-07-07', '2032-07-07', 'Feher', 'Laszlo', 'laszlofeher', '1234567893', '1985-05-05', '0036202345678', 'feher.laszlo@gmail.com'),
('CD012345', 'FG234568', '2020-02-02', '2030-02-02', 'Simon', 'Katalin', 'katalinsimon', '2345678904', '1980-07-07', '+3630202345678', 'simon.katalin@gmail.com'),
('DE123456', 'GH345679', '2018-08-08', '2028-08-08', 'Gabor', 'Janos', 'janosgabor', '3456789015', '1977-11-11', '0036203456789', 'gabor.janos@gmail.com'),
('EF234567', 'HI456780', '2021-05-05', '2031-05-05', 'Lazlo', 'Emese', 'emesselazlo', '4567890126', '1988-09-09', '0620704567890', 'lazlo.emese@gmail.com'),
('FG345678', 'IJ567891', '2019-07-07', '2029-07-07', 'Kiss', 'Bela', 'belakiss', '5678901237', '1983-02-02', '+3630205678901', 'kiss.bela@gmail.com'),
('GH456789', 'JK678902', '2020-03-03', '2030-03-03', 'Nagy', 'Eva', 'evanagy', '6789012348', '1990-08-08', '0620706789012', 'nagy.eva@gmail.com'),
('HI567890', 'KL789013', '2019-01-01', '2029-01-01', 'Toth', 'Istvan', 'istvantoth', '7890123459', '1987-11-11', '+3630207890123', 'toth.istvan@gmail.com'),
('IJ678901', 'LM890124', '2022-06-06', '2032-06-06', 'Szabo', 'Peter', 'peterszabo', '8901234560', '1982-05-05', '0036208901234', 'szabo.peter@gmail.com'),
('JK789012', 'MN901235', '2020-09-09', '2030-09-09', 'Horvath', 'Zsuzsa', 'zsuzsahorvath2', '9012345671', '1979-10-10', '0620309012345', 'horvath.zsuzsa@gmail.com'),
('KL890123', 'NO012346', '2018-05-05', '2028-05-05', 'Kovacs', 'Tamas', 'tamaskovacs2', '0123456782', '1992-01-01', '0036201234567', 'kovacs.tamas@gmail.com'),
('LM901234', 'OP123457', '2021-10-10', '2031-10-10', 'Balogh', 'Aniko', 'anikobalogh2', '1234567894', '1986-06-06', '0036202345678', 'balogh.aniko@gmail.com'),
('MN012345', 'PQ234568', '2019-12-12', '2029-12-12', 'Molnar', 'Laszlo', 'laszlo_molnar2', '2345678905', '1981-02-02', '+3630202345678', 'molnar.laszlo@gmail.com'),
('NO123456', 'QR345679', '2020-11-11', '2030-11-11', 'Farkas', 'Katalin', 'katalinfarkas2', '3456789016', '1993-08-08', '0620303456789', 'farkas.katalin@gmail.com'),
('OP234567', 'RS456780', '2018-10-10', '2028-10-10', 'Nemes', 'Bela', 'belanemes2', '4567890127', '1988-11-11', '0036204567890', 'nemes.bela@gmail.com'),
('PQ345678', 'ST567891', '2021-09-09', '2031-09-09', 'Varga', 'Emese', 'emesevarga2', '5678901238', '1977-07-07', '+3630205678901', 'varga.emese@gmail.com'),
('QR456789', 'TU678902', '2020-08-08', '2030-08-08', 'Lukacs', 'Janos', 'janoslukacs2', '6789012349', '1985-05-05', '0036206789012', 'lukacs.janos@gmail.com'),
('RS567890', 'UV789013', '2019-04-04', '2029-04-04', 'Biro', 'Peter', 'peterbiro2', '7890123460', '1987-09-09', '0620307890123', 'biro.peter@gmail.com'),
('ST678901', 'VW890124', '2022-03-03', '2032-03-03', 'Feher', 'Zsuzsa', 'zsuzsafeher2', '8901234561', '1980-08-08', '+3630208901234', 'feher.laszlo@gmail.com'),
('TU789012', 'WX901235', '2020-02-02', '2030-02-02', 'Simon', 'Tamas', 'tamassimon2', '9012345672', '1990-06-06', '0036209012345', 'simon.tamas@gmail.com'),
('UV890123', 'XY012346', '2018-01-01', '2028-01-01', 'Gabor', 'Aniko', 'anikogabor2', '0123456783', '1979-11-11', '+3630201234567', 'gabor.aniko@gmail.com');

INSERT INTO Felhasznalok (felh_nev, elofiz_kat, jogositvany_szama_FK) VALUES
('janoskiss', '1', 'AB123456'),
('peternagy', '0', 'BC234567'),
('evatoth', '3', 'CD345678'),
('istvanszabo', '1', 'DE456789'),
('zsuzsahorvath', '2', 'EF567890'),
('tamaskovacs', '1', 'FG678901'),
('anikobalogh', '0', 'GH789012'),
('laszlomolnar', '3', 'HI890123'),
('katalinfarkas', '1', 'IJ901234'),
('belanemes', '2', 'JK012345'),
('emesevarga', '0', 'KL123456'),
('janoslukacs', '3', 'LM234567'),
('peterbiro', '2', 'MN345678'),
('zsuzsafeher', '1', 'NO456789'),
('tamassimon', '0', 'OP567890'),
('anikogabor', '3', 'PQ678901'),
('laszlolez', '2', 'QR789012'),
('katalinkiss', '1', 'RS890123'),
('janosnagy', '0', 'ST901234'),
('petertoth', '3', 'TU012345'),
('eva_szabo', '2', 'UV123456'),
('istvanhorvath', '1', 'VW234567'),
('zsuzsakovacs', '0', 'WX345678'),
('tamasbalogh', '2', 'XY456789'),
('laszlo_molnar', '3', 'YZ567890'),
('anikofarkas', '1', 'ZA678901'),
('janosnemes', '2', 'AB789013'),
('petervarga', '0', 'BC890124'),
('zsuzsalukacs', '3', 'CD901235'),
('tamasbiro', '1', 'DE012346'),
('laszlofeher', '2', 'EF123457'),
('katalinsimon', '0', 'FG234568'),
('janosgabor', '3', 'GH345679'),
('emesselazlo', '1', 'HI456780'),
('belakiss', '2', 'IJ567891'),
('evanagy', '0', 'JK678902'),
('istvantoth', '3', 'KL789013'),
('peterszabo', '1', 'LM890124'),
('zsuzsahorvath2', '2', 'MN901235'),
('tamaskovacs2', '0', 'NO012346'),
('anikobalogh2', '3', 'OP123457'),
('laszlo_molnar2', '1', 'PQ234568'),
('katalinfarkas2', '2', 'QR345679'),
('belanemes2', '0', 'RS456780'),
('emesevarga2', '3', 'ST567891'),
('janoslukacs2', '1', 'TU678902'),
('peterbiro2', '2', 'UV789013'),
('zsuzsafeher2', '0', 'VW890124'),
('tamassimon2', '3', 'WX901235'),
('anikogabor2', '1', 'XY012346');
INSERT INTO Autok (gyartmany, tipus, rendszam, teljesitmeny, gyorsulas, vegsebesseg, gumimeret, hatotav, gyartasi_ev)VALUES
('VW', 'e-up!', 'AADT-141', 36, 12.4, 130, '165/65 R15', 300, '2023'),
('Renault', 'Kangoo Z.E.', 'JUY-598', 45, 22.3, 130, '165/65 R15', 285, '2022'),
('Renault', 'Kangoo Z.E.', 'WIY-438', 45, 22.3, 130, '165/65 R15', 285, '2020'),
('Renault', 'Kangoo Z.E.', 'DHZ-468', 45, 22.3, 130, '165/65 R15', 285, '2021'),
('Opel', 'Vivaro-e', 'AATN-400', 50, 11.0, 192, '165/65 R16', 320, '2022'),
('VW', 'e-up!', 'AAQI-244', 18, 12.4, 130, '165/65 R15', 130, '2022'),
('Skoda', 'Citigo e iV', 'AAOR-342', 36, 12.3, 130, '165/65 R16', 300, '2020'),
('Skoda', 'Citigo e iV', 'AAVA-554', 36, 12.3, 130, '165/65 R16', 300, '2022'),
('VW', 'e-up!', 'NZB-683', 18, 12.4, 130, '165/65 R15', 130, '2021'),
('Opel', 'Vivaro-e', 'AAXK-606', 50, 11.0, 192, '165/65 R16', 320, '2021'),
('Skoda', 'Citigo e iV', 'AAAE-015', 36, 12.3, 130, '165/65 R16', 300, '2021'),
('VW', 'e-up!', 'AASZ-644', 18, 12.4, 130, '165/65 R15', 130, '2020'),
('Renault', 'Kangoo Z.E.', 'HVH-738', 45, 22.3, 130, '165/65 R15', 285, '2023'),
('KIA', 'Niro EV', 'IIC-458', 65, 7.8, 167, '165/65 R17', 350, '2023'),
('KIA', 'Niro EV', 'AAJB-202', 65, 7.8, 167, '165/65 R17', 350, '2021'),
('Renault', 'Kangoo Z.E.', 'ACH-545', 45, 22.3, 130, '165/65 R15', 285, '2023'),
('Skoda', 'Citigo e iV', 'AAVG-202', 36, 12.3, 130, '165/65 R16', 300, '2022'),
('VW', 'e-up!', 'AAEK-392', 36, 12.4, 130, '165/65 R15', 300, '2020'),
('Skoda', 'Citigo e iV', 'AAGT-730', 36, 12.3, 130, '165/65 R16', 300, '2022'),
('Skoda', 'Citigo e iV', 'LKW-145', 36, 12.3, 130, '165/65 R16', 300, '2020'),
('Renault', 'Kangoo Z.E.', 'JIQ-063', 45, 22.3, 130, '165/65 R15', 285, '2022'),
('Skoda', 'Citigo e iV', 'PLJ-938', 36, 12.3, 130, '165/65 R16', 300, '2023'),
('Opel', 'Vivaro-e', 'VUW-175', 50, 11.0, 192, '165/65 R16', 320, '2023'),
('Skoda', 'Citigo e iV', 'AAFA-030', 36, 12.3, 130, '165/65 R16', 300, '2020'),
('Renault', 'Kangoo Z.E.', 'AAXS-702', 45, 22.3, 130, '165/65 R15', 285, '2023'),
('Skoda', 'Citigo e iV', 'AAZX-887', 36, 12.3, 130, '165/65 R16', 300, '2022'),
('VW', 'e-up!', 'ANN-864', 36, 12.4, 130, '165/65 R15', 300, '2021'),
('Renault', 'Kangoo Z.E.', 'AAUA-437', 45, 22.3, 130, '165/65 R15', 285, '2020'),
('KIA', 'Niro EV', 'WHY-257', 65, 7.8, 167, '165/65 R17', 350, '2022'),
('Renault', 'Kangoo Z.E.', 'ERZ-636', 45, 22.3, 130, '165/65 R15', 285, '2023'),
('Renault', 'Kangoo Z.E.', 'AASW-421', 45, 22.3, 130, '165/65 R15', 285, '2021'),
('Renault', 'Kangoo Z.E.', 'AAVU-906', 45, 22.3, 130, '165/65 R15', 285, '2021'),
('Opel', 'Vivaro-e', 'ORD-943', 50, 11.0, 192, '165/65 R16', 320, '2023'),
('Skoda', 'Citigo e iV', 'BBV-651', 36, 12.3, 130, '165/65 R16', 300, '2020'),
('Skoda', 'Citigo e iV', 'SVV-429', 36, 12.3, 130, '165/65 R16', 300, '2023'),
('Skoda', 'Citigo e iV', 'EYL-237', 36, 12.3, 130, '165/65 R16', 300, '2022'),
('Renault', 'Kangoo Z.E.', 'AAXM-205', 45, 22.3, 130, '165/65 R15', 285, '2022'),
('VW', 'e-up!', 'AAFB-767', 36, 12.4, 130, '165/65 R15', 300, '2022'),
('KIA', 'Niro EV', 'WZK-669', 65, 7.8, 167, '165/65 R17', 350, '2023'),
('VW', 'e-up!', 'WAX-049', 18, 12.4, 130, '165/65 R15', 130, '2022'),
('Renault', 'Kangoo Z.E.', 'AAAU-595', 45, 22.3, 130, '165/65 R15', 285, '2020'),
('Opel', 'Vivaro-e', 'AACQ-618', 50, 11.0, 192, '165/65 R16', 320, '2023'),
('VW', 'e-up!', 'AAHA-035', 36, 12.4, 130, '165/65 R15', 300, '2023'),
('VW', 'e-up!', 'AAMO-331', 18, 12.4, 130, '165/65 R15', 130, '2022'),
('Skoda', 'Citigo e iV', 'PNJ-580', 36, 12.3, 130, '165/65 R16', 300, '2023'),
('Renault', 'Kangoo Z.E.', 'AUS-358', 45, 22.3, 130, '165/65 R15', 285, '2022'),
('VW', 'e-up!', 'YQI-791', 18, 12.4, 130, '165/65 R15', 130, '2022'),
('Renault', 'Kangoo Z.E.', 'AALG-527', 45, 22.3, 130, '165/65 R15', 285, '2023'),
('Opel', 'Vivaro-e', 'AADX-135', 50, 11.0, 192, '165/65 R16', 320, '2021'),
('KIA', 'Niro EV', 'AABF-124', 65, 7.8, 167, '165/65 R17', 350, '2020'),
('VW', 'e-up!', 'NJP-763', 18, 12.4, 130, '165/65 R15', 130, '2020'),
('KIA', 'Niro EV', 'AAQP-850', 65, 7.8, 167, '165/65 R17', 350, '2021'),
('KIA', 'Niro EV', 'AATE-039', 65, 7.8, 167, '165/65 R17', 350, '2021'),
('VW', 'e-up!', 'AAEY-604', 36, 12.4, 130, '165/65 R15', 300, '2023'),
('KIA', 'Niro EV', 'IJU-917', 65, 7.8, 167, '165/65 R17', 350, '2021'),
('Opel', 'Vivaro-e', 'XTH-687', 50, 11.0, 192, '165/65 R16', 320, '2022'),
('Opel', 'Vivaro-e', 'BYW-278', 50, 11.0, 192, '165/65 R16', 320, '2020'),
('KIA', 'Niro EV', 'AASE-260', 65, 7.8, 167, '165/65 R17', 350, '2023'),
('KIA', 'Niro EV', 'OCI-599', 65, 7.8, 167, '165/65 R17', 350, '2020'),
('Skoda', 'Citigo e iV', 'AAGU-884', 36, 12.3, 130, '165/65 R16', 300, '2021'),
('KIA', 'Niro EV', 'AANY-550', 65, 7.8, 167, '165/65 R17', 350, '2021'),
('Skoda', 'Citigo e iV', 'AASG-222', 36, 12.3, 130, '165/65 R16', 300, '2023'),
('Skoda', 'Citigo e iV', 'AAWJ-220', 36, 12.3, 130, '165/65 R16', 300, '2021'),
('Opel', 'Vivaro-e', 'DCU-016', 50, 11.0, 192, '165/65 R16', 320, '2021'),
('VW', 'e-up!', 'PNA-350', 36, 12.4, 130, '165/65 R15', 300, '2022'),
('Opel', 'Vivaro-e', 'AAHP-066', 50, 11.0, 192, '165/65 R16', 320, '2021'),
('Opel', 'Vivaro-e', 'EIV-411', 50, 11.0, 192, '165/65 R16', 320, '2023'),
('Renault', 'Kangoo Z.E.', 'MWY-251', 45, 22.3, 130, '165/65 R15', 285, '2021'),
('VW', 'e-up!', 'WPU-902', 18, 12.4, 130, '165/65 R15', 130, '2021'),
('Skoda', 'Citigo e iV', 'VXW-850', 36, 12.3, 130, '165/65 R16', 300, '2023'),
('Opel', 'Vivaro-e', 'JFB-974', 50, 11.0, 192, '165/65 R16', 320, '2023'),
('Opel', 'Vivaro-e', 'AAQI-071', 50, 11.0, 192, '165/65 R16', 320, '2021'),
('Skoda', 'Citigo e iV', 'SKP-549', 36, 12.3, 130, '165/65 R16', 300, '2023'),
('KIA', 'Niro EV', 'AAMI-413', 65, 7.8, 167, '165/65 R17', 350, '2021'),
('Skoda', 'Citigo e iV', 'AAUE-352', 36, 12.3, 130, '165/65 R16', 300, '2022'),
('Skoda', 'Citigo e iV', 'AAYC-403', 36, 12.3, 130, '165/65 R16', 300, '2023'),
('KIA', 'Niro EV', 'AASQ-485', 65, 7.8, 167, '165/65 R17', 350, '2021'),
('Skoda', 'Citigo e iV', 'AAMJ-590', 36, 12.3, 130, '165/65 R16', 300, '2023'),
('VW', 'e-up!', 'TMG-602', 36, 12.4, 130, '165/65 R15', 300, '2023'),
('Opel', 'Vivaro-e', 'YJZ-301', 50, 11.0, 192, '165/65 R16', 320, '2022'),
('KIA', 'Niro EV', 'AAKV-873', 65, 7.8, 167, '165/65 R17', 350, '2023'),
('Renault', 'Kangoo Z.E.', 'AAZA-076', 45, 22.3, 130, '165/65 R15', 285, '2020'),
('Skoda', 'Citigo e iV', 'BQC-374', 36, 12.3, 130, '165/65 R16', 300, '2023'),
('VW', 'e-up!', 'OII-590', 36, 12.4, 130, '165/65 R15', 300, '2023'),
('VW', 'e-up!', 'AAVN-578', 18, 12.4, 130, '165/65 R15', 130, '2021'),
('Opel', 'Vivaro-e', 'AABG-064', 50, 11.0, 192, '165/65 R16', 320, '2021'),
('KIA', 'Niro EV', 'BHF-753', 65, 7.8, 167, '165/65 R17', 350, '2020'),
('KIA', 'Niro EV', 'AKX-785', 65, 7.8, 167, '165/65 R17', 350, '2022'),
('Renault', 'Kangoo Z.E.', 'IMK-441', 45, 22.3, 130, '165/65 R15', 285, '2021'),
('Renault', 'Kangoo Z.E.', 'AAGS-353', 45, 22.3, 130, '165/65 R15', 285, '2020'),
('Renault', 'Kangoo Z.E.', 'AAAC-818', 45, 22.3, 130, '165/65 R15', 285, '2020'),
('VW', 'e-up!', 'WNS-434', 36, 12.4, 130, '165/65 R15', 300, '2023'),
('KIA', 'Niro EV', 'QRX-734', 65, 7.8, 167, '165/65 R17', 350, '2021'),
('Opel', 'Vivaro-e', 'AAEI-755', 50, 11.0, 192, '165/65 R16', 320, '2022'),
('Renault', 'Kangoo Z.E.', 'OEI-166', 45, 22.3, 130, '165/65 R15', 285, '2020'),
('KIA', 'Niro EV', 'NQZ-827', 65, 7.8, 167, '165/65 R17', 350, '2023'),
('Renault', 'Kangoo Z.E.', 'ZXE-782', 45, 22.3, 130, '165/65 R15', 285, '2020'),
('Skoda', 'Citigo e iV', 'AABT-523', 36, 12.3, 130, '165/65 R16', 300, '2020'),
('KIA', 'Niro EV', 'AAUY-669', 65, 7.8, 167, '165/65 R17', 350, '2023'),
('Opel', 'Vivaro-e', 'AAAE-473', 50, 11.5, 192, '165/65 R16', 320, '2021');
INSERT INTO Kategoriak (kat_id, kat_besorolas, kat_modell_nev, autok_id_FK)VALUES
(1, '0', 'e-Up!', 1),
(2, '1', 'e-Up!', 2),
(3, '1', 'Citigo', 3),
(4, '2', 'Niro', 4),
(5, '3', 'Vivaro-e', 5),
(6, '4', 'Kangoo Z.E.', 6);
INSERT INTO Felszereltseg (tolatokamera, m_kormany, savtarto, tempomat, auto_id_FK)VALUES
('igen', 'igen', 'igen', 'igen', 1),
('igen', 'igen', 'igen', 'igen', 2),
('igen', 'igen', 'igen', 'igen', 3),
('igen', 'igen', 'igen', 'igen', 4),
('igen', 'igen', 'igen', 'igen', 5),
('nem', 'nem', 'nem', 'nem', 6),
('igen', 'igen', 'igen', 'igen', 7),
('igen', 'igen', 'igen', 'igen', 8),
('nem', 'nem', 'nem', 'nem', 9),
('igen', 'igen', 'igen', 'igen', 10),
('igen', 'igen', 'igen', 'igen', 11),
('nem', 'nem', 'nem', 'nem', 12),
('igen', 'igen', 'igen', 'igen', 13),
('igen', 'igen', 'igen', 'igen', 14),
('igen', 'igen', 'igen', 'igen', 15),
('igen', 'igen', 'igen', 'igen', 16),
('igen', 'igen', 'igen', 'igen', 17),
('igen', 'igen', 'igen', 'igen', 18),
('igen', 'igen', 'igen', 'igen', 19),
('igen', 'igen', 'igen', 'igen', 20),
('igen', 'igen', 'igen', 'igen', 21),
('igen', 'igen', 'igen', 'igen', 22),
('igen', 'igen', 'igen', 'igen', 23),
('igen', 'igen', 'igen', 'igen', 24),
('igen', 'igen', 'igen', 'igen', 25),
('igen', 'igen', 'igen', 'igen', 26),
('igen', 'igen', 'igen', 'igen', 27),
('igen', 'igen', 'igen', 'igen', 28),
('igen', 'igen', 'igen', 'igen', 29),
('igen', 'igen', 'igen', 'igen', 30),
('igen', 'igen', 'igen', 'igen', 31),
('igen', 'igen', 'igen', 'igen', 32),
('igen', 'igen', 'igen', 'igen', 33),
('igen', 'igen', 'igen', 'igen', 34),
('igen', 'igen', 'igen', 'igen', 35),
('igen', 'igen', 'igen', 'igen', 36),
('igen', 'igen', 'igen', 'igen', 37),
('igen', 'igen', 'igen', 'igen', 38),
('igen', 'igen', 'igen', 'igen', 39),
('igen', 'igen', 'igen', 'igen', 40),
('igen', 'igen', 'igen', 'igen', 41),
('igen', 'igen', 'igen', 'igen', 42),
('igen', 'igen', 'igen', 'igen', 43),
('igen', 'igen', 'igen', 'igen', 44),
('igen', 'igen', 'igen', 'igen', 45),
('igen', 'igen', 'igen', 'igen', 46),
('igen', 'igen', 'igen', 'igen', 47),
('igen', 'igen', 'igen', 'igen', 48),
('igen', 'igen', 'igen', 'igen', 49),
('igen', 'igen', 'igen', 'igen', 50),
('igen', 'igen', 'igen', 'igen', 51),
('igen', 'igen', 'igen', 'igen', 52),
('igen', 'igen', 'igen', 'igen', 53),
('igen', 'igen', 'igen', 'igen', 54),
('igen', 'igen', 'igen', 'igen', 55),
('igen', 'igen', 'igen', 'igen', 56),
('igen', 'igen', 'igen', 'igen', 57),
('igen', 'igen', 'igen', 'igen', 58),
('igen', 'igen', 'igen', 'igen', 59),
('igen', 'igen', 'igen', 'igen', 60),
('igen', 'igen', 'igen', 'igen', 61),
('igen', 'igen', 'igen', 'igen', 62),
('igen', 'igen', 'igen', 'igen', 63),
('igen', 'igen', 'igen', 'igen', 64),
('igen', 'igen', 'igen', 'igen', 65),
('igen', 'igen', 'igen', 'igen', 66),
('igen', 'igen', 'igen', 'igen', 67),
('igen', 'igen', 'igen', 'igen', 68),
('igen', 'igen', 'igen', 'igen', 69),
('igen', 'igen', 'igen', 'igen', 70),
('igen', 'igen', 'igen', 'igen', 71),
('igen', 'igen', 'igen', 'igen', 72),
('igen', 'igen', 'igen', 'igen', 73),
('igen', 'igen', 'igen', 'igen', 74),
('igen', 'igen', 'igen', 'igen', 75),
('igen', 'igen', 'igen', 'igen', 76),
('igen', 'igen', 'igen', 'igen', 77),
('igen', 'igen', 'igen', 'igen', 78),
('igen', 'igen', 'igen', 'igen', 79),
('igen', 'igen', 'igen', 'igen', 80),
('igen', 'igen', 'igen', 'igen', 81),
('igen', 'igen', 'igen', 'igen', 82),
('igen', 'igen', 'igen', 'igen', 83),
('igen', 'igen', 'igen', 'igen', 84),
('igen', 'igen', 'igen', 'igen', 85),
('igen', 'igen', 'igen', 'igen', 86),
('igen', 'igen', 'igen', 'igen', 87),
('igen', 'igen', 'igen', 'igen', 88),
('igen', 'igen', 'igen', 'igen', 89),
('igen', 'igen', 'igen', 'igen', 90),
('igen', 'igen', 'igen', 'igen', 91),
('igen', 'igen', 'igen', 'igen', 92),
('igen', 'igen', 'igen', 'igen', 93),
('igen', 'igen', 'igen', 'igen', 94),
('igen', 'igen', 'igen', 'igen', 95),
('igen', 'igen', 'igen', 'igen', 96),
('igen', 'igen', 'igen', 'igen', 97),
('igen', 'igen', 'igen', 'igen', 98),
('igen', 'igen', 'igen', 'igen', 99),
('igen', 'igen', 'igen', 'igen', 100);
INSERT INTO Berles (berles_kezd, berles_veg, kat_FK, felh_nev_FK, rendszam_FK)VALUES
('2024-08-01 06:17:23', NULL, 4, 'janoskiss', 'AATK-892'),
('2024-08-01 01:59:10', NULL, 3, 'peternagy', 'AAEG-854'),
('2024-08-02 10:08:34', NULL, 1, 'evatoth', 'POG-110'),
('2024-08-03 01:46:38', NULL, 1, 'istvanszabo', 'AAYJ-251'),
('2024-08-04 00:38:14', NULL, 2, 'zsuzsahorvath', 'JDG-254'),
('2024-08-05 05:27:57', NULL, 6, 'tamaskovacs', 'GKQ-161'),
('2024-08-06 03:35:45', NULL, 2, 'anikobalogh', 'FEV-177'),
('2024-08-07 04:42:31', NULL, 4, 'laszlomolnar', 'AAUW-335'),
('2024-08-08 00:23:09', NULL, 3, 'katalinfarkas', 'PQV-670'),
('2024-08-09 05:04:12', NULL, 4, 'belanemes', 'AAHP-883'),
('2024-08-10 09:28:58', NULL, 3, 'emesevarga', 'QMF-011'),
('2024-08-11 01:12:47', NULL, 6, 'janoslukacs', 'DFT-798'),
('2024-08-12 01:53:18', NULL, 5, 'peterbiro', 'AABP-224'),
('2024-08-13 07:44:21', NULL, 1, 'zsuzsafeher', 'TAK-462'),
('2024-08-14 03:12:34', NULL, 5, 'tamassimon', 'JDL-126'),
('2024-08-15 06:34:45', NULL, 4, 'anikogabor', 'POG-110'),
('2024-08-15 04:26:12', NULL, 6, 'laszlolez', 'AAAS-802'),
('2024-08-15 08:12:37', NULL, 5, 'katalinkiss', 'AATU-575'),
('2024-08-15 11:23:48', NULL, 3, 'janosnagy', 'AAFY-454'),
('2024-08-15 09:46:22', NULL, 2, 'petertoth', 'RIN-694'),
('2024-08-01 06:17:23', '2024-08-02 18:17:23', 4, 'janoskiss', 'AATK-892'),
('2024-08-01 01:59:10', '2024-08-02 03:59:10', 3, 'peternagy', 'AAEG-854'),
('2024-08-02 10:08:34', '2024-08-03 22:08:34', 1, 'evatoth', 'POG-110'),
('2024-08-03 01:46:38', '2024-08-04 03:46:38', 1, 'istvanszabo', 'AAYJ-251'),
('2024-08-04 00:38:14', '2024-08-05 02:38:14', 2, 'zsuzsahorvath', 'JDG-254'),
('2024-08-05 05:27:57', '2024-08-06 17:27:57', 6, 'tamaskovacs', 'GKQ-161'),
('2024-08-06 03:35:45', '2024-08-07 15:35:45', 2, 'anikobalogh', 'FEV-177'),
('2024-08-07 04:42:31', '2024-08-08 16:42:31', 4, 'laszlomolnar', 'AAUW-335'),
('2024-08-08 00:23:09', '2024-08-09 12:23:09', 3, 'katalinfarkas', 'PQV-670'),
('2024-08-09 05:04:12', '2024-08-10 17:04:12', 4, 'belanemes', 'AAHP-883'),
('2024-08-10 09:28:58', '2024-08-11 21:28:58', 3, 'emesevarga', 'QMF-011'),
('2024-08-11 01:12:47', '2024-08-12 13:12:47', 6, 'janoslukacs', 'DFT-798'),
('2024-08-12 01:53:18', '2024-08-13 13:53:18', 5, 'peterbiro', 'AABP-224'),
('2024-08-13 07:44:21', '2024-08-14 19:44:21', 1, 'zsuzsafeher', 'TAK-462'),
('2024-08-14 03:12:34', '2024-08-15 15:12:34', 5, 'tamassimon', 'JDL-126'),
('2024-08-15 06:34:45', '2024-08-16 18:34:45', 4, 'anikogabor', 'POG-110'),
('2024-08-15 04:26:12', '2024-08-16 16:26:12', 6, 'laszlolez', 'AAAS-802'),
('2024-08-15 08:12:37', '2024-08-16 20:12:37', 5, 'katalinkiss', 'AATU-575'),
('2024-08-15 11:23:48', '2024-08-16 23:23:48', 3, 'janosnagy', 'AAFY-454'),
('2024-08-15 09:46:22', '2024-08-16 21:46:22', 2, 'petertoth', 'RIN-694'),
('2024-08-01 06:17:23', '2024-08-01 18:17:23', 4, 'janoskiss', 'AATK-892'),
('2024-08-01 01:59:10', '2024-08-01 03:59:10', 3, 'peternagy', 'AAEG-854'),
('2024-08-02 10:08:34', '2024-08-02 22:08:34', 1, 'evatoth', 'POG-110'),
('2024-08-03 01:46:38', '2024-08-03 03:46:38', 1, 'istvanszabo', 'AAYJ-251'),
('2024-08-04 00:38:14', '2024-08-04 02:38:14', 2, 'zsuzsahorvath', 'JDG-254'),
('2024-08-05 05:27:57', '2024-08-05 17:27:57', 6, 'tamaskovacs', 'GKQ-161'),
('2024-08-06 03:35:45', '2024-08-06 15:35:45', 2, 'anikobalogh', 'FEV-177'),
('2024-08-07 04:42:31', '2024-08-07 16:42:31', 4, 'laszlomolnar', 'AAUW-335'),
('2024-08-08 00:23:09', '2024-08-08 12:23:09', 3, 'katalinfarkas', 'PQV-670'),
('2024-08-09 05:04:12', '2024-08-09 17:04:12', 4, 'belanemes', 'AAHP-883'),
('2024-08-10 09:28:58', '2024-08-10 21:28:58', 3, 'emesevarga', 'QMF-011'),
('2024-08-11 01:12:47', '2024-08-11 13:12:47', 6, 'janoslukacs', 'DFT-798'),
('2024-08-12 01:53:18', '2024-08-12 13:53:18', 5, 'peterbiro', 'AABP-224'),
('2024-08-13 07:44:21', '2024-08-13 19:44:21', 1, 'zsuzsafeher', 'TAK-462'),
('2024-08-14 03:12:34', '2024-08-14 15:12:34', 5, 'tamassimon', 'JDL-126'),
('2024-08-15 06:34:45', '2024-08-15 18:34:45', 4, 'anikogabor', 'POG-110'),
('2024-08-15 04:26:12', '2024-08-15 16:26:12', 6, 'laszlolez', 'AAAS-802'),
('2024-08-15 08:12:37', '2024-08-15 20:12:37', 5, 'katalinkiss', 'AATU-575'),
('2024-08-15 11:23:48', '2024-08-15 23:23:48', 3, 'janosnagy', 'AAFY-454'),
('2024-08-15 09:46:22', '2024-08-15 21:46:22', 2, 'petertoth', 'RIN-694'),
('2024-08-10 13:58:12', NULL, 4, 'janoskiss', 'AATK-892'),
('2024-08-10 13:37:45', NULL, 3, 'peternagy', 'AAEG-854'),
('2024-08-10 13:45:34', NULL, 1, 'evatoth', 'POG-110'),
('2024-08-10 13:47:58', NULL, 1, 'istvanszabo', 'AAYJ-251'),
('2024-08-10 13:25:14', NULL, 2, 'zsuzsahorvath', 'JDG-254'),
('2024-08-10 13:14:57', NULL, 6, 'tamaskovacs', 'GKQ-161'),
('2024-08-10 13:42:31', NULL, 2, 'anikobalogh', 'FEV-177'),
('2024-08-10 13:18:44', NULL, 4, 'laszlomolnar', 'AAUW-335'),
('2024-08-10 13:56:02', NULL, 3, 'katalinfarkas', 'PQV-670'),
('2024-08-10 13:32:14', NULL, 4, 'belanemes', 'AAHP-883'),
('2024-08-10 13:41:58', NULL, 3, 'emesevarga', 'QMF-011'),
('2024-08-10 13:29:47', NULL, 6, 'janoslukacs', 'DFT-798'),
('2024-08-10 13:11:18', NULL, 5, 'peterbiro', 'AABP-224'),
('2024-08-10 13:55:21', NULL, 1, 'zsuzsafeher', 'TAK-462'),
('2024-08-10 13:39:34', NULL, 5, 'tamassimon', 'JDL-126'),
('2024-08-10 13:48:45', NULL, 4, 'anikogabor', 'POG-110'),
('2024-08-10 13:27:12', NULL, 6, 'laszlolez', 'AAAS-802'),
('2024-08-10 13:13:37', NULL, 5, 'katalinkiss', 'AATU-575'),
('2024-08-10 13:24:48', NULL, 3, 'janosnagy', 'AAFY-454'),
('2024-08-10 13:38:22', NULL, 2, 'petertoth', 'RIN-694'),
('2024-08-10 13:50:12', NULL, 4, 'janoskiss', 'AATK-892'),
('2024-08-10 13:15:10', NULL, 3, 'peternagy', 'AAEG-854'),
('2024-08-10 13:44:34', NULL, 1, 'evatoth', 'POG-110'),
('2024-08-10 13:22:38', NULL, 1, 'istvanszabo', 'AAYJ-251'),
('2024-08-10 13:43:14', NULL, 2, 'zsuzsahorvath', 'JDG-254'),
('2024-08-10 13:31:57', NULL, 6, 'tamaskovacs', 'GKQ-161'),
('2024-08-10 13:16:45', NULL, 2, 'anikobalogh', 'FEV-177'),
('2024-08-10 13:26:31', NULL, 4, 'laszlomolnar', 'AAUW-335'),
('2024-08-10 13:29:09', NULL, 3, 'katalinfarkas', 'PQV-670'),
('2024-08-10 13:36:12', NULL, 4, 'belanemes', 'AAHP-883'),
('2024-08-10 13:28:58', NULL, 3, 'emesevarga', 'QMF-011'),
('2024-08-10 13:30:47', NULL, 6, 'janoslukacs', 'DFT-798'),
('2024-08-10 13:41:18', NULL, 5, 'peterbiro', 'AABP-224'),
('2024-08-10 13:49:21', NULL, 1, 'zsuzsafeher', 'TAK-462'),
('2024-08-10 13:14:34', NULL, 5, 'tamassimon', 'JDL-126'),
('2024-08-10 13:21:45', NULL, 4, 'anikogabor', 'POG-110'),
('2024-08-10 13:35:12', NULL, 6, 'laszlolez', 'AAAS-802'),
('2024-08-10 13:18:37', NULL, 5, 'katalinkiss', 'AATU-575'),
('2024-08-10 13:37:48', NULL, 3, 'janosnagy', 'AAFY-454'),
('2024-08-10 13:25:22', NULL, 2, 'petertoth', 'RIN-694'),
('2024-08-10 06:17:23', '2024-08-10 06:47:23', 4, 'janoskiss', 'AATK-892'),
('2024-08-10 01:59:10', '2024-08-10 02:59:10', 3, 'peternagy', 'AAEG-854'),
('2024-08-10 10:08:34', '2024-08-10 10:28:34', 1, 'evatoth', 'POG-110'),
('2024-08-10 01:46:38', '2024-08-10 03:16:38', 1, 'istvanszabo', 'AAYJ-251'),
('2024-08-10 00:38:14', '2024-08-10 02:08:14', 2, 'zsuzsahorvath', 'JDG-254'),
('2024-08-10 05:27:57', '2024-08-10 06:57:57', 6, 'tamaskovacs', 'GKQ-161'),
('2024-08-10 03:35:45', '2024-08-10 05:15:45', 2, 'anikobalogh', 'FEV-177'),
('2024-08-10 04:42:31', '2024-08-10 05:42:31', 4, 'laszlomolnar', 'AAUW-335'),
('2024-08-10 00:23:09', '2024-08-10 00:43:09', 3, 'katalinfarkas', 'PQV-670'),
('2024-08-10 05:04:12', '2024-08-10 06:34:12', 4, 'belanemes', 'AAHP-883'),
('2024-08-10 09:28:58', '2024-08-10 11:28:58', 3, 'emesevarga', 'QMF-011'),
('2024-08-10 01:12:47', '2024-08-10 02:12:47', 6, 'janoslukacs', 'DFT-798'),
('2024-08-10 01:53:18', '2024-08-10 03:23:18', 5, 'peterbiro', 'AABP-224'),
('2024-08-10 07:44:21', '2024-08-10 09:04:21', 1, 'zsuzsafeher', 'TAK-462'),
('2024-08-10 03:12:34', '2024-08-10 04:52:34', 5, 'tamassimon', 'JDL-126'),
('2024-08-10 06:34:45', '2024-08-10 08:04:45', 4, 'anikogabor', 'POG-110'),
('2024-08-10 04:26:12', '2024-08-10 04:46:12', 6, 'laszlolez', 'AAAS-802'),
('2024-08-10 08:12:37', '2024-08-10 08:42:37', 5, 'katalinkiss', 'AATU-575'),
('2024-08-10 11:23:48', '2024-08-10 12:23:48', 3, 'janosnagy', 'AAFY-454'),
('2024-08-10 09:46:22', '2024-08-10 10:16:22', 2, 'petertoth', 'RIN-694'),
('2024-08-10 13:17:23', '2024-08-10 13:47:23', 4, 'janoskiss', 'AATK-892'),
('2024-08-10 11:59:10', '2024-08-10 12:29:10', 3, 'peternagy', 'AAEG-854'),
('2024-08-10 14:08:34', '2024-08-10 14:38:34', 1, 'evatoth', 'POG-110'),
('2024-08-10 15:46:38', '2024-08-10 16:16:38', 1, 'istvanszabo', 'AAYJ-251'),
('2024-08-10 16:38:14', '2024-08-10 17:08:14', 2, 'zsuzsahorvath', 'JDG-254'),
('2024-08-10 09:27:57', '2024-08-10 10:57:57', 6, 'tamaskovacs', 'GKQ-161'),
('2024-08-10 11:35:45', '2024-08-10 12:55:45', 2, 'anikobalogh', 'FEV-177'),
('2024-08-10 07:42:31', '2024-08-10 08:42:31', 4, 'laszlomolnar', 'AAUW-335'),
('2024-08-10 17:23:09', '2024-08-10 18:53:09', 3, 'katalinfarkas', 'PQV-670'),
('2024-08-10 18:04:12', '2024-08-10 18:34:12', 4, 'belanemes', 'AAHP-883'),
('2024-08-10 12:28:58', '2024-08-10 12:58:58', 3, 'emesevarga', 'QMF-011'),
('2024-08-10 11:12:47', '2024-08-10 12:12:47', 6, 'janoslukacs', 'DFT-798'),
('2024-08-10 10:53:18', '2024-08-10 11:53:18', 5, 'peterbiro', 'AABP-224'),
('2024-08-10 19:44:21', '2024-08-10 21:14:21', 1, 'zsuzsafeher', 'TAK-462'),
('2024-08-10 20:12:34', '2024-08-10 21:52:34', 5, 'tamassimon', 'JDL-126'),
('2024-08-10 21:34:45', '2024-08-10 22:34:45', 4, 'anikogabor', 'POG-110'),
('2024-08-10 17:26:12', '2024-08-10 18:16:12', 6, 'laszlolez', 'AAAS-802'),
('2024-08-10 22:12:37', '2024-08-10 22:52:37', 5, 'katalinkiss', 'AATU-575'),
('2024-08-10 23:23:48', '2024-08-10 23:43:48', 3, 'janosnagy', 'AAFY-454'),
('2024-08-10 22:46:22', '2024-08-10 23:16:22', 2, 'petertoth', 'RIN-694');