id;Név;"Születési Dátum";Tel.:;E-mail;"Szig. Szám";"jogos. Száma";"jogos. Érv. Kezdete.";"jogos. Érv. Vége.";"felhasználó Jelszava"
1;"Biró Gabriella";1990-02-07;+36709524955;kis.kornel@example.net;LL955767;YM181995;2019-08-21;2029-08-21;9425
2;"Barta Zsolt";1964-10-30;+36202797487;kristof55@example.net;RZ891866;OU479096;2016-10-07;2026-10-07;1304
3;"Szücs Soma";2002-02-07;+36201196956;peter.barnabas@example.com;CN932743;FA518211;2021-12-17;2031-12-17;8031
4;"Balázs Antal";2005-07-22;+36702291331;jbogdan@example.com;PO825415;ET049819;2020-12-02;2030-12-02;9978
5;"Molnár Attila";1992-12-04;+36201317376;jfeher@example.org;OH195373;DR094078;2016-12-07;2026-12-07;7670
6;"Kelemen Linda";1983-05-22;+36205379880;deak.kornel@example.net;EO743692;JZ945657;2016-01-14;2026-01-14;6401
7;"Horváth Olivér";1996-09-15;+36203672447;balog.hunor@example.org;TI056813;ST466560;2023-03-16;2033-03-16;1971
8;"Veres László";1993-11-03;+36204333167;lakatos.lena@example.com;TS374748;KI504551;2023-04-15;2033-04-15;6675
9;"Balogh Sándor";1977-08-27;+36302813054;szonja95@example.org;BI907227;WZ616056;2023-01-03;2033-01-03;9976
10;"Király Henrietta";1962-09-02;+36205418925;boroka.balog@example.org;FH698969;WP155229;2021-07-12;2031-07-12;8689
11;"Soós Attila";1966-03-29;+36205294126;vincze.liza@example.net;AC758135;KU798253;2015-06-16;2025-06-16;2909
12;"Mészáros Benedek";1978-01-18;+36308886777;nmagyar@example.org;ED308984;RQ556897;2019-05-25;2029-05-25;8637
13;"Varga Kristóf";1999-12-14;+36200824467;kevin06@example.net;EQ425377;SX941449;2023-03-04;2033-03-04;4984
14;"Kis Alexa";1968-12-10;+36301306717;efarago@example.net;OA049649;YR389850;2018-11-30;2028-11-30;2456
15;"Máté Mia";1973-05-15;+36706944665;ohajdu@example.net;WD610608;TG930107;2017-03-24;2027-03-24;1487
16;"Kelemen Gabriella";2005-09-01;+36204798000;boroka91@example.org;NL706653;YT556938;2015-04-21;2025-04-21;8273
17;"Illés Klaudia";1965-11-19;+36205049228;mirella.pinter@example.com;SA125568;MH561588;2015-03-25;2025-03-25;4954
18;"Fekete Szervác";1993-09-13;+36204506438;bognar.vince@example.org;GW650018;ER677365;2024-02-02;2034-02-02;8299
19;"Biró Soma";2006-08-02;+36205988449;szalai.otto@example.org;VC226858;ER137656;2015-04-25;2025-04-25;4748
20;"Somogyi Mihály";1995-09-27;+36208063448;gizella.peter@example.net;FW134912;KO034647;2015-09-22;2025-09-22;9123
21;"Katona Erzsébet";2002-02-26;+36208500145;szonja82@example.org;JS876221;ID772848;2020-04-16;2030-04-16;6141
22;"Fazekas Katinka";1993-03-26;+36200327474;bogdan.sara@example.net;OJ123059;CB091426;2018-12-12;2028-12-12;8912
23;"Sándor Hunor";2002-03-30;+36704861661;hfulop@example.net;MT377256;OX128631;2017-03-03;2027-03-03;7139
24;"Váradi Judit";1988-03-29;+36709083296;arpad76@example.org;MI623059;WK433381;2015-09-14;2025-09-14;4594
25;"Fábián János";1988-08-09;+36703223682;marton.szucs@example.com;ZA024122;MF824015;2014-12-20;2024-12-20;8467
26;"Gáspár Zsolt";1984-11-23;+36709028420;milan67@example.net;UL906222;GI103149;2021-03-01;2031-03-01;5459
27;"Fülöp Zoltán";1988-10-27;+36702776687;lorban@example.org;VS816380;HR539139;2023-05-16;2033-05-16;6060
28;"Soós Judit";1976-09-16;+36205359965;pfeher@example.org;SI874284;UN924238;2016-04-29;2026-04-29;5387
29;"Balázs Vilmos";2001-10-30;+36700348080;liliana.orosz@example.net;PZ557652;QN557733;2022-11-05;2032-11-05;5340
30;"Gál Judit";2003-06-02;+36308870502;liliana.dudas@example.com;YM908062;EK326875;2015-06-26;2025-06-26;4389
31;"Pásztor Kristóf";1974-03-21;+36702217794;peter64@example.net;HA461639;PP199771;2024-04-06;2034-04-06;2992
32;"Tóth Mátyás";1992-08-26;+36700367750;marianna.biro@example.net;NY792591;FX025744;2020-03-12;2030-03-12;7495
33;"Pintér Noel";1998-08-25;+36204287538;hanga75@example.net;CY879789;PX693990;2020-10-04;2030-10-04;8554
34;"Balázs Vilmos";1992-10-03;+36302146411;dorosz@example.com;UM629971;PC839998;2022-10-19;2032-10-19;1588
35;"Molnár Kristóf";1989-12-07;+36205284102;hdeak@example.net;EG511811;IV131682;2024-08-03;2034-08-03;8348
36;"Bakos Evelin";1991-02-16;+36705076687;gitta95@example.net;QT776073;FR409438;2015-10-08;2025-10-08;5235
37;"Péter Bence";1998-09-26;+36708158572;dkerekes@example.com;YL268412;UN098706;2019-10-21;2029-10-21;5484
38;"Orosz Hunor";1980-04-29;+36201281157;henrietta.hajdu@example.org;OF826271;TW835156;2020-12-10;2030-12-10;8492
39;"Dudás Endre";1965-01-03;+36306441335;maria82@example.com;IN341287;RG299641;2018-10-25;2028-10-25;9451
40;"Szűcs Martina";1972-10-26;+36701076874;dhegedus@example.com;GW461572;YG968612;2023-12-23;2033-12-23;7873
41;"Kerekes Imre";1979-11-05;+36702090808;szucs.dalma@example.net;VM927750;SF766570;2016-03-31;2026-03-31;6527
42;"Pintér Boróka";1988-11-04;+36308229325;patrik.szalai@example.org;PS314409;TH618438;2023-03-26;2033-03-26;4139
43;"Rácz Fanni";2000-08-25;+36201619946;aranka.orban@example.com;QV584436;YW139802;2023-09-09;2033-09-09;2500
44;"Veres Barna";1987-10-31;+36300016835;zita.vincze@example.com;QE798567;XT681033;2019-09-01;2029-09-01;2731
45;"Pap Adél";1962-07-23;+36702354200;istvan81@example.org;EM694802;MC785260;2019-02-26;2029-02-26;9822
46;"László Olívia";2006-02-04;+36708947701;sara.nemes@example.org;FM167244;EQ767111;2024-09-09;2034-09-09;5633
47;"Király Barnabás";2005-03-28;+36307754430;fazekas.bendeguz@example.net;VY509948;BK606920;2018-05-04;2028-05-04;4268
48;"Jakab Sándor";1980-06-27;+36207752646;sandor11@example.net;CW632920;SN357775;2021-03-03;2031-03-03;4985
49;"Faragó Julianna";1973-02-22;+36300461259;dorottya.fulop@example.com;QO415268;QS316463;2016-09-25;2026-09-25;7591
50;"Tóth Ottó";1971-11-08;+36209370939;iszekeres@example.com;EZ562353;FV726723;2021-12-01;2031-12-01;1382
51;"Takács Szervác";1994-07-21;+36703824486;maja.fodor@example.org;PS065839;FH125409;2019-02-06;2029-02-06;8315
52;"Major Antal";1995-05-19;+36304591966;patricia81@example.com;KW663338;TO714492;2019-08-15;2029-08-15;9659
53;"Lukács Gábor";1965-05-04;+36709365325;henriett.farkas@example.net;EU374810;XX987883;2016-01-01;2026-01-01;4554
54;"Szilágyi Lívia";1975-10-19;+36207518899;nemeth.dalma@example.org;LN839355;QE337418;2024-01-17;2034-01-17;4615
55;"Vincze Olívia";1977-11-07;+36702875567;rorosz@example.com;GV398265;UC526873;2020-10-18;2030-10-18;2791
56;"Dudás Szabina";1997-04-23;+36205986602;jfeher@example.com;OB004661;GZ897043;2016-10-09;2026-10-09;9983
57;"Végh Léna";1972-03-21;+36704042559;biro.zsombor@example.com;TE339469;ZG323430;2017-12-25;2027-12-25;4399
58;"Juhász Gitta";1972-07-25;+36705550629;zsoka39@example.org;HY702594;WI911642;2021-08-27;2031-08-27;6300
59;"Bodnár Dalma";1977-11-20;+36307619010;pgal@example.com;XQ472410;EX917827;2022-10-11;2032-10-11;4891
60;"Antal Zsóka";1993-06-05;+36701693402;armin05@example.com;BF336796;SD112194;2020-10-02;2030-10-02;7849
61;"Papp Sára";1975-10-13;+36700569449;dorian.mate@example.com;VZ451114;NA945759;2015-07-08;2025-07-08;2333
62;"Szabó Szandra";1964-05-27;+36200613669;zsolt.varadi@example.net;UB209389;YS641414;2015-03-10;2025-03-10;1933
63;"Kis Henriett";1967-05-29;+36202874099;attila.vegh@example.org;MJ517638;UD889463;2016-12-24;2026-12-24;9976
64;"Molnár Andrea";1977-04-02;+36307341018;inemeth@example.com;VI671905;ZU804175;2021-10-05;2031-10-05;5524
65;"László Linda";1980-01-30;+36306948526;pszucs@example.org;ST333811;VS462921;2021-07-02;2031-07-02;8202
66;"Tóth Vince";2000-01-24;+36708690050;fazekas.linda@example.com;NM614654;NR243097;2016-08-23;2026-08-23;6741
67;"Kovács Sára";1977-11-10;+36307935086;major.liliana@example.com;TO461309;EI561511;2019-04-21;2029-04-21;5503
68;"Gál Kornél";1998-06-26;+36204014610;laszlo.kocsis@example.org;SX729202;XB298437;2018-03-06;2028-03-06;1474
69;"Csonka Henrietta";1983-09-09;+36204438717;juhasz.antal@example.org;DO677891;DT082641;2022-06-09;2032-06-09;4110
70;"Pintér Linda";1992-10-09;+36203234160;antal.hanga@example.com;CH628222;LV068867;2018-01-28;2028-01-28;6247
71;"Jónás Milla";1987-01-04;+36309902161;biro.noel@example.org;JA341109;GE721273;2017-04-16;2027-04-16;2819
72;"Kocsis Klaudia";1968-01-10;+36303100721;aranka.kelemen@example.com;VS724130;LU941329;2023-10-28;2033-10-28;8398
73;"Antal Aranka";1982-10-27;+36202607757;sorban@example.net;YO129635;NJ656471;2014-12-12;2024-12-12;8285
74;"Takács Gitta";2000-05-16;+36200116887;mia.fekete@example.com;FY921885;VJ715826;2021-11-21;2031-11-21;4030
75;"Balog Vince";2003-01-25;+36704314656;asimon@example.org;WK592421;XK126956;2022-09-18;2032-09-18;6820
76;"Vass Julianna";1974-05-11;+36709118378;fabian.szandra@example.net;SK382758;OA164070;2017-11-15;2027-11-15;7055
77;"Tóth Noel";2002-02-27;+36705064309;orban.maja@example.com;TR419985;FL342612;2017-12-31;2027-12-31;3482
78;"Hajdu Ramóna";1998-11-15;+36302220521;rebeka37@example.net;EM227081;PG318807;2021-11-24;2031-11-24;1697
79;"Mészáros Mária";2004-05-24;+36303964603;varadi.oliver@example.com;BI621525;MN247715;2017-12-14;2027-12-14;5083
80;"Fazekas Árpád";1978-01-10;+36702887095;gabriella23@example.org;AL629528;GX833513;2022-08-02;2032-08-02;7705
81;"Péter Kornél";1967-12-04;+36701690840;kocsis.oliver@example.com;WP881564;LF847509;2017-05-20;2027-05-20;8464
82;"Kelemen Léna";1994-04-20;+36707218736;mvarga@example.net;QT189299;WT235838;2017-05-02;2027-05-02;9728
83;"Sándor Erzsébet";1990-09-29;+36209625973;klaudia54@example.net;KA774603;LH708961;2022-09-12;2032-09-12;2049
84;"Biró Milán";1962-08-29;+36300524328;zoltan47@example.org;FI420615;MF056475;2018-09-22;2028-09-22;3100
85;"Király Zsombor";2005-04-22;+36304820501;jakab.barna@example.com;AO646210;VF720243;2024-01-26;2034-01-26;1136
86;"Bakos Johanna";1961-07-05;+36301525482;sandor.evelin@example.com;AZ127213;EP561348;2015-03-01;2025-03-01;1890
87;"Mészáros Balázs";1964-12-05;+36705811665;qlaszlo@example.org;XS743360;LE312517;2023-03-06;2033-03-06;8370
88;"Biró Dorián";2002-05-28;+36703478537;alexa.soos@example.net;LJ473614;XI170673;2021-06-21;2031-06-21;6798
89;"Fazekas Adél";1967-02-11;+36203878630;ypasztor@example.org;ID615179;RR986387;2023-01-11;2033-01-11;4525
90;"László Rudolf";1981-07-10;+36201362947;zoltan.szalai@example.com;BA035747;MQ226194;2020-05-27;2030-05-27;1742
91;"Fodor Géza";2001-01-29;+36708753750;emoke71@example.net;RV801116;EJ893029;2017-08-26;2027-08-26;7609
92;"Gáspár Katalin";1986-04-25;+36204372873;kevin07@example.org;IP051488;TP902153;2021-07-31;2031-07-31;5573
93;"Bogdán Rudolf";1973-04-06;+36207417315;pataki.patricia@example.net;PY971522;UW536776;2016-06-22;2026-06-22;2818
94;"Sipos Henrietta";1963-12-11;+36305580524;jnovak@example.net;CT903201;RD866579;2023-07-24;2033-07-24;6763
95;"Székely Dorián";1970-07-03;+36208382484;jakab.kevin@example.org;EA584325;GS316116;2017-08-28;2027-08-28;3017
96;"Szekeres Ádám";1967-12-06;+36706761944;kornel86@example.org;LK483491;OS713844;2017-04-23;2027-04-23;7841
97;"Szabó Anikó";1972-03-06;+36209193405;balazs31@example.com;DK365907;GU685545;2022-01-07;2032-01-07;5617
98;"Hajdu Milán";1975-05-03;+36205953776;boroka40@example.com;QV923317;TT444860;2016-05-15;2026-05-15;1221
99;"Szilágyi Izabella";1977-07-17;+36207994921;fodor.kira@example.net;CF907559;WC147481;2020-06-04;2030-06-04;7793
100;"Soós Boglárka";1976-01-26;+36207969533;etamas@example.com;GM472431;SK499395;2016-03-03;2026-03-03;2047
101;"László Jázmin";1988-10-24;+36707415967;barna57@example.org;YQ465013;KD226601;2015-06-07;2025-06-07;6154
102;"Hegedűs Antal";2004-02-12;+36701595565;epal@example.com;LZ456292;RW547603;2015-12-25;2025-12-25;1676
103;"Horváth Antal";1979-12-08;+36307128383;rebeka98@example.net;FH340633;SM464687;2021-06-22;2031-06-22;6454
104;"Orbán Erzsébet";1969-07-30;+36704449221;noel36@example.com;TR698213;HC244804;2015-09-23;2025-09-23;5432
105;"Hajdu Liza";1986-09-22;+36206809780;kata.deak@example.com;WL162526;PV576594;2016-05-27;2026-05-27;8280
106;"Lukács Dorottya";1981-03-31;+36300123452;zbalint@example.com;DE633624;NV212999;2019-06-11;2029-06-11;8016
107;"Gáspár Bendegúz";1989-02-12;+36707535703;balazs.vass@example.com;OM580077;MI962492;2022-03-05;2032-03-05;4358
108;"Csonka Katinka";1965-03-07;+36205640537;lakatos.oliver@example.com;TK272749;JI052735;2020-01-20;2030-01-20;7944
109;"Molnár Liza";1968-06-27;+36202452425;orsos.hunor@example.org;DJ797520;ZD311636;2017-08-22;2027-08-22;4770
110;"Simon Dorottya";1985-09-26;+36702362385;kornel03@example.net;WS234828;JA756078;2020-04-15;2030-04-15;8449
111;"Bognár Endre";1984-09-26;+36306161317;endre65@example.com;IS128293;BA003444;2018-12-12;2028-12-12;3488
112;"Jakab Hanga";2001-08-28;+36305034962;boros.zsoka@example.net;CO037961;FU311981;2024-09-18;2034-09-18;5680
113;"Pál Ádám";1990-02-22;+36206160378;mira66@example.com;SA980224;CG751022;2017-02-25;2027-02-25;5850
114;"Pap Noel";1978-07-31;+36208757531;kristof36@example.com;NI237458;AF163077;2021-10-30;2031-10-30;8001
115;"Fazekas Mia";1989-07-10;+36200008823;attila.csonka@example.net;NT554005;VP535982;2024-06-29;2034-06-29;6412
116;"Pintér Endre";1983-03-26;+36304745570;soma.orban@example.net;VN619736;LV307964;2019-08-30;2029-08-30;2315
117;"Nagy Imre";1984-08-16;+36700387459;oliver73@example.com;ER736840;QQ344040;2024-06-24;2034-06-24;5354
118;"Novák Katalin";1993-01-25;+36203295932;erno.orban@example.org;JH935557;RK548367;2015-01-15;2025-01-15;7222
119;"Kovács Rudolf";1992-07-02;+36701186265;julianna.pasztor@example.com;FH390653;OL628219;2017-05-12;2027-05-12;3307
120;"Péter Gitta";1977-11-16;+36303478609;imolnar@example.com;QH464100;SI039922;2022-10-01;2032-10-01;1641
121;"Gulyás Dorián";1989-10-25;+36301809835;kata44@example.net;NC033973;JA533292;2022-03-04;2032-03-04;8322
122;"Barna Mihály";1997-04-20;+36709330324;bmolnar@example.net;ZA701543;ZT968280;2016-01-24;2026-01-24;5062
123;"Gáspár Beatrix";1992-01-03;+36300248889;imolnar@example.net;BS074285;UH481986;2021-05-03;2031-05-03;8709
124;"Novák Hunor";1966-09-06;+36303664520;simon.marton@example.net;XP804732;VG594015;2024-06-08;2034-06-08;5604
125;"Rácz Ernő";1994-12-14;+36300455281;hajdu.matyas@example.com;TX392438;HW667910;2021-06-08;2031-06-08;3098
126;"Soós Panna";1985-02-27;+36309001001;geza.szucs@example.org;YZ319601;YM926493;2023-11-06;2033-11-06;4011
127;"Székely Árpád";2006-07-14;+36203080771;tsoos@example.org;OY676998;DW271333;2023-01-12;2033-01-12;3277
128;"Balla Milán";1978-04-08;+36302193959;szervac71@example.net;AI811797;EN832407;2024-07-13;2034-07-13;8691
129;"Tamás Klaudia";1965-09-18;+36302747592;georgina45@example.net;NB569906;XO174394;2018-08-19;2028-08-19;8364
130;"Kozma Albert";1993-04-03;+36304401717;dorian.varga@example.net;QV073840;EM793605;2018-09-22;2028-09-22;6960
131;"Vass Szandra";1964-10-03;+36309688792;vince96@example.com;SX296124;WZ140109;2019-04-19;2029-04-19;8182
132;"Jónás István";1962-04-05;+36309444351;dorian.orsos@example.net;CN176605;QY862934;2021-01-15;2031-01-15;3694
133;"Vörös Kornél";2003-06-30;+36703167123;kiraly.dorian@example.com;CW457433;NN760127;2016-11-25;2026-11-25;4105
134;"Bodnár Benedek";1975-03-11;+36700081311;ztoth@example.net;SW396161;XD869852;2021-11-13;2031-11-13;6947
135;"Balog Johanna";1997-10-18;+36303474396;kjakab@example.net;BK985029;ZZ462424;2017-12-29;2027-12-29;8167
136;"Orosz Ernő";1983-02-01;+36201896684;zoltan.halasz@example.com;AQ764406;RT747832;2018-06-02;2028-06-02;7588
137;"Jakab Richárd";1963-10-16;+36304081921;botond.kovacs@example.com;ZG498719;PC765754;2015-07-03;2025-07-03;9789
138;"Péter Boróka";1971-03-20;+36703665802;benedek.balog@example.net;RK813959;ZN444264;2016-05-31;2026-05-31;5535
139;"Faragó Jenő";1993-02-25;+36207138814;kevin.sipos@example.org;QX567580;FK423244;2019-09-08;2029-09-08;2752
140;"Lengyel Mihály";1994-02-08;+36208902062;virag.georgina@example.net;UC820815;KD197213;2022-03-16;2032-03-16;2474
141;"Nagy Marianna";1994-06-04;+36706383411;balazs.barna@example.com;XY342715;TE434663;2024-05-08;2034-05-08;2326
142;"Balázs Kornél";1977-07-02;+36300154004;mate.matyas@example.com;LH449615;RA681553;2015-12-03;2025-12-03;3640
143;"Váradi Katalin";2003-06-17;+36201776699;msimon@example.com;DH867903;LW983731;2021-04-03;2031-04-03;6398
144;"Mészáros Katinka";1995-02-17;+36209770089;barna78@example.org;AA784874;UN905197;2022-04-17;2032-04-17;8973
145;"Illés Gábor";1967-11-05;+36306791455;oliver.voros@example.net;MZ959372;OH320578;2016-02-02;2026-02-02;4657
146;"Horváth Imre";1964-08-17;+36306490268;oliver.novak@example.com;SL203462;RC105871;2021-08-19;2031-08-19;7621
147;"Szőke Ádám";1990-12-25;+36302194780;dorian.hegedus@example.net;IZ511277;WB686968;2017-10-02;2027-10-02;4464
148;"Horváth Benedek";1996-02-04;+36705283829;andrea.nemeth@example.com;NN208851;VD701771;2017-09-21;2027-09-21;5028
149;"Lakatos Gizella";1989-11-08;+36701864904;xpal@example.org;RA647335;NQ315956;2022-10-04;2032-10-04;2338
150;"Fodor Gréta";1971-11-05;+36207690173;csonka.sandor@example.com;VZ499642;KA735348;2015-01-03;2025-01-03;8052
151;"Biró Marianna";1987-07-10;+36306178427;henrietta.juhasz@example.com;NC064570;IE537847;2019-06-10;2029-06-10;4950
152;"Novák Endre";1985-08-23;+36701107194;boglarka41@example.net;QD289791;KW432341;2022-10-24;2032-10-24;3705
153;"Katona Géza";1966-03-17;+36301711009;mtoth@example.com;AN398962;UB132288;2023-03-21;2033-03-21;6431
154;"Orbán Rebeka";2000-11-21;+36305583842;laszlo29@example.com;YA738582;EU945983;2024-05-02;2034-05-02;1448
155;"Mészáros Bence";2003-01-22;+36301447305;zhalasz@example.org;KE365173;EM861611;2021-05-03;2031-05-03;4840
156;"Fülöp Dorottya";1993-07-09;+36709486125;hfabian@example.com;LM874082;HT551446;2018-05-20;2028-05-20;2724
157;"Lukács Olivér";1979-08-10;+36308713251;imre.soos@example.com;YR272729;VL016569;2017-05-01;2027-05-01;6027
158;"Boros Dalma";1991-07-19;+36203288317;henrietta.bognar@example.org;IU530319;UQ036179;2021-06-01;2031-06-01;7997
159;"Bognár Marianna";1962-09-23;+36203178209;yantal@example.net;SE780906;XK601570;2020-01-10;2030-01-10;6479
160;"Veres Judit";1966-08-18;+36704397209;atakacs@example.net;DO745341;HN885642;2019-11-30;2029-11-30;6155
161;"Major Ottó";1978-09-03;+36203990987;julianna00@example.net;KA768388;RA167099;2021-05-15;2031-05-15;8487
162;"Faragó Kristóf";1985-10-07;+36309929825;uszalai@example.com;HC487608;TF205098;2024-08-28;2034-08-28;9259
163;"Hegedűs Balázs";1985-06-05;+36200472771;livia.fabian@example.com;JF702221;XD267550;2021-01-01;2031-01-01;3251
164;"Farkas Kristóf";1995-09-30;+36304518295;matyas90@example.com;LE773903;VK373588;2015-09-01;2025-09-01;3140
165;"Szekeres Zsolt";1970-12-21;+36707072560;gitta.takacs@example.org;NT661907;PO581275;2024-08-25;2034-08-25;4907
166;"Tamás Jenő";1976-11-11;+36709859597;ggulyas@example.net;QJ801911;KJ427707;2016-12-15;2026-12-15;1516
167;"Vass Bence";2005-02-13;+36701409075;dorian.kovacs@example.org;UV614683;CK162083;2020-07-04;2030-07-04;1875
168;"Németh Bendegúz";1962-01-18;+36307659077;xbalazs@example.net;VW716082;CC948483;2019-11-03;2029-11-03;6189
169;"Antal Vince";1986-08-04;+36208147081;balog.linda@example.com;JM986225;HV724578;2019-11-01;2029-11-01;8964
170;"Lengyel Kornél";1993-12-26;+36309780587;aranka58@example.com;OF385719;MW321447;2019-03-08;2029-03-08;5211
171;"Molnár Antal";1980-03-27;+36704487255;armin.meszaros@example.net;HK072444;MG260426;2022-07-08;2032-07-08;1151
172;"Szőke Dorián";1966-08-13;+36308918079;janos81@example.net;FK287561;FF326857;2023-04-09;2033-04-09;5294
173;"Virág Fanni";1968-03-14;+36708149166;svirag@example.com;XQ951751;WP677873;2022-02-17;2032-02-17;6661
174;"Gáspár Árpád";2000-09-04;+36308113504;iborbely@example.net;JJ140825;OP241554;2017-09-03;2027-09-03;6214
175;"Szücs Liliána";1973-02-18;+36703731101;botond48@example.com;XA546058;LQ944492;2016-06-18;2026-06-18;4743
176;"Papp Marietta";1960-12-27;+36709644006;balazs42@example.net;XD412470;TH923980;2016-11-18;2026-11-18;3494
177;"Kocsis Ármin";1991-11-16;+36204397944;ldobos@example.org;SQ900164;IG616742;2015-02-27;2025-02-27;9486
178;"Gáspár Georgina";1992-04-22;+36308387108;zsolt.hegedus@example.net;BR041647;WO882641;2021-11-19;2031-11-19;2799
179;"László Kevin";1985-01-02;+36307614600;kevin.jonas@example.org;PC136096;SU246058;2023-12-14;2033-12-14;5124
180;"Végh Dorina";1991-06-09;+36705325215;ybognar@example.com;YQ615910;BL592715;2022-09-05;2032-09-05;3173
181;"Bálint Botond";1975-08-23;+36700397060;hunor21@example.org;LI571434;AW370320;2022-11-04;2032-11-04;9304
182;"Virág Balázs";1971-12-24;+36703418106;dfarkas@example.com;MY188207;MY925773;2020-02-12;2030-02-12;3456
183;"Major Zétény";1994-06-10;+36705476025;gszabo@example.org;QX951173;IR574318;2020-09-06;2030-09-06;5901
184;"Vincze Valéria";1967-10-01;+36203184424;arpad.borbely@example.net;EV557062;EF596949;2015-05-30;2025-05-30;9602
185;"Szűcs Rebeka";1963-05-02;+36702486994;peter93@example.org;UK449679;NK912936;2015-11-21;2025-11-21;7287
186;"Sipos Gitta";1986-04-16;+36705554728;alexa.kiraly@example.com;BE155874;WN077119;2016-04-03;2026-04-03;9424
187;"Lakatos Vilmos";2001-03-01;+36305648444;janos43@example.net;HS306368;YZ482236;2016-07-29;2026-07-29;2936
188;"Rácz Bence";1972-05-03;+36302021939;dsomogyi@example.org;FS081432;DA644333;2024-01-05;2034-01-05;5068
189;"Szűcs Imre";1997-10-22;+36207211092;xbognar@example.net;VF928967;JC198006;2016-10-16;2026-10-16;1911
190;"Szücs Milla";1991-02-19;+36309067595;adel12@example.com;JI244509;WP720828;2022-12-04;2032-12-04;2710
191;"Szalai Balázs";1973-09-22;+36202072355;dorottya.balogh@example.net;RL298333;MD541500;2015-01-27;2025-01-27;6472
192;"Takács Kevin";1993-02-08;+36308670646;sandor01@example.org;ID636939;ZN722881;2015-05-08;2025-05-08;2995
193;"Major Henrietta";1972-06-01;+36709885667;balog.barna@example.net;KN514162;IJ814993;2022-01-09;2032-01-09;3515
194;"Fazekas Kevin";1993-04-14;+36704715748;alexa01@example.com;JU278559;MH098683;2021-09-01;2031-09-01;2979
195;"Szőke Marianna";1985-12-17;+36300580819;jeno.toth@example.org;OX082823;QU201039;2020-01-30;2030-01-30;2999
196;"Szekeres Maja";1979-07-26;+36704922698;istvan.deak@example.com;MU770330;RO813690;2019-11-28;2029-11-28;3854
197;"Magyar Barnabás";1962-10-09;+36704092223;barna.balazs@example.net;EK994006;OV813544;2022-07-03;2032-07-03;5143
198;"Jakab Hunor";1964-10-12;+36309576087;attila.farago@example.net;AZ109171;OB509157;2015-08-27;2025-08-27;8075
199;"Kocsis Antal";1981-04-05;+36706999307;thegedus@example.org;SU183448;KV536640;2015-09-17;2025-09-17;6327
200;"Biró Péter";1993-07-09;+36308063674;zsolt.deak@example.org;YJ125363;XH780028;2020-07-15;2030-07-15;4697
