berles_azonosito;rendszam;kategoria_besorolas;berles_kezdete;berles_vege;felhasznalo_nev
1;AABI-359;1;"2024-10-06 23:54:18";"2024-10-07 00:03:54";Péter7457
2;SAW-728;2;"2024-09-29 10:55:15";"2024-10-02 04:11:55";quis245
3;MKP-918;2;"2024-10-01 09:44:58";"2024-10-01 10:12:10";consequatur215
4;SWX-102;1;"2024-09-28 01:15:33";"2024-09-28 01:24:52";Virág4251
5;AABA-544;3;"2024-10-15 07:25:42";"2024-10-15 08:17:11";esse642
6;MEB-668;5;"2024-10-08 19:56:13";"2024-10-08 20:49:18";Kis9503
7;TIJ-184;4;"2024-10-08 10:36:32";"2024-10-08 11:23:49";qui952
8;AACK-384;1;"2024-10-03 18:23:33";"2024-10-03 18:43:01";vitae815
9;AAAJ-332;5;"2024-10-21 23:55:07";"2024-10-22 00:22:45";aliquam435
10;SMA-625;2;"2024-10-01 10:11:38";"2024-10-01 10:55:15";et707
11;AABI-359;1;"2024-09-30 05:56:03";"2024-09-30 06:40:05";consectetur726
12;AABG-774;2;"2024-10-07 13:55:00";"2024-10-07 14:06:09";Lukács7113
13;THF-765;3;"2024-10-05 03:15:57";"2024-10-05 03:35:38";Szilágyi6880
14;SWX-102;1;"2024-10-16 06:21:53";"2024-10-16 07:03:29";cum469
15;NBN-641;4;"2024-09-27 18:15:24";"2024-09-27 18:45:46";Molnár7365
16;AABO-637;1;"2024-10-14 20:48:32";"2024-10-14 21:45:05";quod352
17;AACC-245;5;"2024-10-05 07:10:07";"2024-10-05 07:35:35";Orbán2330
18;MZW-356;1;"2024-10-16 03:07:32";"2024-10-16 03:15:15";odio469
19;SHB-972;5;"2024-10-21 02:04:53";"2024-10-21 02:13:23";odio469
20;NQY-409;2;"2024-10-18 08:15:39";"2024-10-18 08:58:01";nemo746
21;RYY-577;2;"2024-10-20 08:48:01";"2024-10-20 09:32:25";nemo746
22;AACI-171;2;"2024-10-17 16:15:47";"2024-10-17 17:10:49";Simon1015
23;AAAL-242;2;"2024-10-07 18:34:29";"2024-10-07 19:23:52";dolores111
24;AACK-438;2;"2024-10-13 17:30:59";"2024-10-13 18:23:16";omnis984
25;NUH-549;1;"2024-09-29 02:57:08";"2024-09-29 03:37:02";Jakab5131
26;MFG-911;2;"2024-09-24 03:43:25";"2024-09-24 03:47:57";Király1208
27;AACM-366;2;"2024-09-30 05:29:05";"2024-09-30 05:53:55";autem276
28;SVO-579;5;"2024-10-14 15:14:03";"2024-10-14 16:03:12";Kis9503
29;AAAL-838;1;"2024-10-19 08:03:04";"2024-10-19 08:53:20";Király1208
30;AABO-102;3;"2024-10-08 09:26:12";"2024-10-08 09:40:05";rerum241
31;NBN-428;2;"2024-10-03 09:30:02";"2024-10-03 10:16:40";Szőke4763
32;REA-969;3;"2024-09-24 19:44:04";"2024-09-24 19:48:38";Sándor3240
33;RUO-863;2;"2024-09-24 04:49:42";"2024-09-24 05:27:18";vel344
34;SZR-004;2;"2024-10-07 20:15:25";"2024-10-07 21:14:04";voluptas207
35;TVP-538;5;"2024-10-09 17:33:12";"2024-10-09 18:14:23";id918
36;AAAH-072;3;"2024-10-22 01:37:37";"2024-10-22 01:43:21";Jónás8653
37;PHN-536;2;"2024-10-18 07:12:50";"2024-10-18 07:47:39";ut977
38;AACK-665;2;"2024-09-25 21:43:13";"2024-09-25 21:46:28";Sipos3375
39;SUX-927;2;"2024-10-19 05:47:04";"2024-10-19 06:18:33";et707
40;AAAB-833;3;"2024-10-12 19:32:58";"2024-10-12 20:13:13";laudantium360
41;AAAL-747;1;"2024-10-06 22:02:37";"2024-10-08 00:08:03";voluptatem890
42;MQM-984;2;"2024-10-01 11:12:15";"2024-10-01 11:35:22";omnis511
43;AAAM-167;5;"2024-10-03 18:52:22";"2024-10-03 19:03:17";quod352
44;NDO-107;3;"2024-10-09 19:37:08";"2024-10-09 20:34:55";qui424
45;RDR-601;2;"2024-10-13 09:15:34";"2024-10-13 09:24:40";Szalai4498
46;AACF-037;3;"2024-10-10 23:07:38";"2024-10-10 23:33:18";labore768
47;AABH-964;3;"2024-10-01 01:58:35";"2024-10-01 02:12:51";aut943
48;AACA-912;4;"2024-10-05 17:36:48";"2024-10-05 18:11:46";Kis9503
49;PYG-442;1;"2024-09-30 12:19:50";"2024-09-30 12:46:06";Orbán2330
50;AACD-231;1;"2024-10-01 14:45:51";"2024-10-01 14:54:46";Király1208
51;AABF-848;2;"2024-09-29 00:55:05";"2024-09-29 01:32:40";Szekeres5331
52;MDI-665;5;"2024-10-10 18:00:55";"2024-10-10 18:05:01";ut977
53;AAAB-317;1;"2024-09-26 19:47:30";"2024-09-26 20:31:29";cum469
54;MEJ-036;1;"2024-09-28 09:34:47";"2024-09-28 10:26:49";Balogh5774
55;RKZ-310;2;"2024-09-22 20:34:23";"2024-09-22 21:25:43";Balogh5774
56;AAAD-798;2;"2024-10-20 10:27:54";"2024-10-22 01:53:53";Orbán3398
57;PAK-518;2;"2024-09-28 19:24:27";"2024-09-28 19:36:24";Biró1703
58;AABC-634;2;"2024-10-12 11:32:51";"2024-10-12 12:13:46";vitae815
59;SCV-440;1;"2024-10-04 19:14:54";"2024-10-04 20:01:20";atque903
60;PHN-536;2;"2024-10-22 11:50:56";"2024-10-22 12:15:56";Jónás8653
61;SXE-900;3;"2024-10-22 05:32:22";"2024-10-22 05:39:40";Fazekas7217
62;AACK-384;1;"2024-09-28 04:37:57";"2024-09-28 05:24:46";Horváth4417
63;AAAM-097;4;"2024-10-03 13:22:28";"2024-10-03 13:33:27";Veres4767
64;SWR-218;4;"2024-09-30 17:04:07";"2024-10-03 01:32:53";vitae641
65;AACC-323;4;"2024-10-18 20:29:55";"2024-10-18 21:10:00";Szilágyi6880
66;TYE-877;4;"2024-10-02 17:51:07";"2024-10-02 18:10:25";rerum241
67;PGE-139;2;"2024-09-24 02:55:00";"2024-09-24 03:23:00";dolorem455
68;TPR-983;2;"2024-09-29 00:57:01";"2024-09-29 01:54:17";consectetur726
69;AAAB-377;4;"2024-10-04 18:19:29";"2024-10-04 18:20:48";Orosz7429
70;SYI-661;1;"2024-10-21 23:59:25";"2024-10-23 18:18:38";explicabo455
71;AACB-495;4;"2024-10-13 23:48:30";"2024-10-15 02:38:27";Balázs2602
72;AAAN-082;4;"2024-10-10 01:35:35";"2024-10-10 01:39:17";nostrum171
73;AAAL-242;2;"2024-09-29 08:12:13";"2024-09-29 08:43:14";Katona2625
74;SWX-102;1;"2024-10-03 15:01:37";"2024-10-03 15:48:04";perferendis285
75;REA-969;3;"2024-10-12 08:50:29";"2024-10-12 09:28:48";Szőke6010
76;AACA-253;1;"2024-10-21 17:54:20";"2024-10-21 18:40:02";est265
77;AABH-607;3;"2024-10-20 01:01:53";"2024-10-20 01:42:28";perferendis285
78;AAAF-284;2;"2024-10-19 02:00:21";"2024-10-19 02:53:27";rerum685
79;SZR-004;2;"2024-10-10 06:24:55";"2024-10-10 06:26:47";molestiae299
80;MAS-326;5;"2024-09-27 16:21:21";"2024-09-27 17:19:40";aliquam435
81;PVC-181;2;"2024-10-17 23:18:23";"2024-10-18 00:07:51";Veres4767
82;AACK-438;2;"2024-09-22 18:05:04";"2024-09-24 20:24:48";Pintér4023
83;NFD-570;2;"2024-10-06 07:43:09";"2024-10-06 07:59:05";nihil100
84;AAAD-189;2;"2024-10-03 09:07:03";"2024-10-03 09:30:20";Nagy1482
85;NAE-924;2;"2024-10-01 04:26:51";"2024-10-01 05:15:52";tenetur443
86;AAAB-582;5;"2024-10-09 02:16:11";"2024-10-09 02:55:05";nostrum171
87;AACF-654;4;"2024-09-28 04:43:15";"2024-09-28 04:50:34";László4603
88;AACD-891;2;"2024-10-06 18:33:58";"2024-10-06 19:33:55";dolores111
89;SGD-466;4;"2024-10-07 04:04:54";"2024-10-07 04:56:56";Tamás7707
90;NZH-731;2;"2024-10-18 06:15:37";"2024-10-18 06:27:27";Vass4663
91;AAAF-467;1;"2024-10-11 00:26:49";"2024-10-11 00:30:40";Pintér4023
92;TUD-562;2;"2024-09-24 09:31:41";"2024-09-27 00:30:46";Lukács7113
93;MUO-492;2;"2024-09-27 08:46:11";"2024-09-30 08:45:03";Vincze8158
94;AABI-322;4;"2024-10-13 22:31:33";"2024-10-13 23:04:35";Máté5964
95;NMZ-088;4;"2024-10-01 10:23:24";"2024-10-04 00:13:09";velit381
96;AABF-759;3;"2024-10-04 08:33:25";"2024-10-04 09:15:11";Tóth2242
97;AACB-473;2;"2024-10-10 15:10:51";"2024-10-10 15:55:19";vel344
98;PNV-002;4;"2024-09-30 13:23:56";"2024-10-03 05:40:59";consequatur215
99;AAAE-627;2;"2024-10-14 21:31:47";"2024-10-14 22:21:51";Tóth3394
100;MEB-668;5;"2024-10-13 17:52:33";"2024-10-13 18:31:27";Pintér4023
101;TXW-590;2;"2024-09-26 23:01:17";"2024-09-26 23:16:03";Major5480
102;TVE-992;3;"2024-10-14 15:23:03";"2024-10-14 16:22:09";Kelemen3520
103;AACI-171;2;"2024-10-20 15:52:11";"2024-10-20 16:37:42";Szilágyi2715
104;NFD-570;2;"2024-10-17 02:18:00";"2024-10-17 02:37:15";Horváth9116
105;PWL-434;2;"2024-10-03 21:29:27";"2024-10-03 21:44:07";Major5480
106;AABK-512;2;"2024-10-16 02:15:40";"2024-10-16 02:45:30";Soós5837
107;MQJ-463;3;"2024-10-14 16:54:42";"2024-10-14 17:12:04";Orbán3398
108;AAAL-242;2;"2024-10-10 08:13:18";"2024-10-10 08:28:56";rerum241
109;MQM-984;2;"2024-09-28 19:47:52";"2024-10-01 17:09:35";Gáspár9010
110;PEL-444;4;"2024-10-15 03:13:41";"2024-10-15 03:22:23";Pintér4023
111;AAAH-960;2;"2024-09-26 04:22:19";"2024-09-26 05:21:23";aut943
112;MHQ-869;3;"2024-10-17 05:18:36";"2024-10-17 06:00:54";Molnár7410
113;MXK-965;2;"2024-09-26 11:33:13";"2024-09-26 12:12:38";Szücs3357
114;AAAN-082;4;"2024-10-03 12:56:57";"2024-10-03 13:37:31";eius981
115;PCO-697;3;"2024-10-04 23:54:55";"2024-10-06 20:33:55";Fülöp3871
116;AABB-396;4;"2024-10-07 19:40:07";"2024-10-07 19:44:56";Major5480
117;RGA-042;2;"2024-10-15 05:12:21";"2024-10-15 05:24:06";architecto683
118;TAH-297;1;"2024-10-07 05:18:28";"2024-10-09 22:10:55";Gáspár9010
119;PZC-394;1;"2024-09-27 20:37:45";"2024-09-27 20:40:43";dolor987
120;PPU-788;4;"2024-09-30 04:07:36";"2024-09-30 04:59:34";Orosz6386
121;SCI-862;2;"2024-10-03 16:59:16";"2024-10-03 17:37:02";perferendis514
122;AACD-891;2;"2024-10-20 14:12:48";"2024-10-20 14:35:10";Rácz3405
123;AACD-429;4;"2024-10-16 04:42:51";"2024-10-16 05:11:20";Biró1703
124;PGD-899;2;"2024-10-14 03:12:56";"2024-10-16 15:22:06";eveniet761
125;AAAF-692;4;"2024-09-30 05:26:44";"2024-09-30 05:32:14";Sipos3375
126;NDB-014;3;"2024-10-01 11:17:21";"2024-10-01 12:11:20";Balogh5774
127;AABO-540;5;"2024-10-17 02:53:33";"2024-10-17 03:00:52";Szabó6138
128;TKI-640;5;"2024-10-05 23:36:46";"2024-10-06 00:27:06";Vass4663
129;AACF-037;3;"2024-10-11 12:45:06";"2024-10-11 13:40:11";Szűcs6626
130;NDL-237;1;"2024-10-01 11:40:22";"2024-10-01 12:38:04";Gáspár3508
131;AABI-729;2;"2024-10-08 22:17:48";"2024-10-08 22:56:29";iure580
132;AABC-092;2;"2024-10-08 19:29:58";"2024-10-08 20:13:25";corrupti802
133;AACF-654;4;"2024-10-03 05:03:07";"2024-10-03 05:50:36";quia557
134;MUO-492;2;"2024-10-11 10:21:45";"2024-10-12 11:54:23";dolores957
135;AACH-408;3;"2024-10-01 05:39:13";"2024-10-01 06:10:40";aliquam435
136;TSM-484;4;"2024-10-19 18:01:57";"2024-10-19 18:43:02";qui965
137;PDF-111;5;"2024-10-19 06:05:11";"2024-10-19 06:23:43";Fazekas3060
138;AABE-516;5;"2024-10-12 22:43:51";"2024-10-12 23:31:57";Király1208
139;AAAM-686;4;"2024-10-07 04:28:49";"2024-10-09 06:09:23";Katona1846
140;SVE-385;1;"2024-09-26 16:37:02";"2024-09-26 17:18:04";sit859
141;AACK-384;1;"2024-10-20 20:03:29";"2024-10-20 20:39:54";László2594
142;AABN-255;1;"2024-10-03 19:22:25";"2024-10-05 03:38:17";accusamus161
143;RHP-074;3;"2024-10-10 13:03:25";"2024-10-10 13:32:21";Lukács7113
144;TTR-643;5;"2024-09-22 15:56:40";"2024-09-22 16:13:49";Jakab9822
145;AABM-034;1;"2024-10-05 03:44:10";"2024-10-05 04:32:24";odio319
146;AABM-658;2;"2024-10-11 06:53:02";"2024-10-11 07:38:27";dolores504
147;AAAD-062;2;"2024-09-29 19:34:09";"2024-09-29 19:41:38";qui965
148;AAAC-057;1;"2024-10-10 08:41:48";"2024-10-10 09:40:01";Major5480
149;AABI-322;4;"2024-09-26 04:38:53";"2024-09-26 05:27:13";Veres4767
150;AABA-064;2;"2024-10-19 15:52:13";"2024-10-20 19:11:01";Kocsis7116
151;TYE-877;4;"2024-09-22 19:37:25";"2024-09-22 20:15:11";corrupti788
152;AAAI-435;2;"2024-10-01 05:50:29";"2024-10-01 05:56:17";Nagy1664
153;AABO-540;5;"2024-10-20 16:30:13";"2024-10-20 16:37:09";perferendis285
154;AAAG-931;4;"2024-10-03 10:16:12";"2024-10-03 10:23:07";Horváth4417
155;PGQ-195;5;"2024-10-15 06:50:56";"2024-10-15 07:06:28";Hajdu6048
156;AAAB-377;4;"2024-10-18 20:31:23";"2024-10-18 20:38:46";iure580
157;AAAH-474;1;"2024-10-19 23:47:38";"2024-10-22 12:52:54";Székely2845
158;AAAM-929;1;"2024-09-25 02:27:27";"2024-09-25 02:56:09";Balog2225
159;RPI-433;5;"2024-10-02 13:15:47";"2024-10-02 13:30:08";Hajdu6048
160;NFD-570;2;"2024-10-07 22:01:11";"2024-10-07 22:40:17";Kocsis7116
161;AACB-493;2;"2024-10-09 07:29:06";"2024-10-09 07:43:00";omnis984
162;AACF-037;3;"2024-10-06 00:02:44";"2024-10-06 00:35:14";qui424
163;TZW-297;2;"2024-10-07 04:01:46";"2024-10-08 13:29:33";Gáspár3508
164;AACA-321;4;"2024-09-24 21:35:37";"2024-09-26 16:11:53";voluptatem712
165;SIN-572;1;"2024-09-26 19:00:11";"2024-09-26 19:20:04";corrupti788
166;AABE-206;2;"2024-09-26 19:34:50";"2024-09-26 20:05:34";vitae815
167;AAAG-457;4;"2024-10-05 12:11:34";"2024-10-06 16:42:48";Tóth3394
168;NUN-137;5;"2024-10-06 07:17:56";"2024-10-06 08:12:37";Orosz7429
169;AAAB-317;1;"2024-09-22 15:36:27";"2024-09-22 16:19:09";labore768
170;SEA-595;5;"2024-10-16 02:01:53";"2024-10-16 02:46:28";Fülöp3871
171;AABI-748;2;"2024-09-28 13:27:33";"2024-10-01 12:42:45";Vass4663
172;NQJ-529;4;"2024-10-17 16:36:25";"2024-10-18 22:25:55";Balogh5774
173;AAAB-451;2;"2024-09-30 02:05:26";"2024-09-30 02:09:18";expedita179
174;NUH-549;1;"2024-10-09 20:23:53";"2024-10-09 21:13:29";esse642
175;AAAE-613;2;"2024-09-27 21:29:04";"2024-09-27 22:23:54";Király3941
176;NDL-237;1;"2024-10-01 00:23:51";"2024-10-03 07:26:42";rerum685
177;AAAE-910;4;"2024-09-26 11:51:54";"2024-09-29 10:48:47";Bogdán3314
178;AABA-064;2;"2024-10-12 23:21:44";"2024-10-13 00:07:21";nostrum171
179;AACL-622;4;"2024-10-02 16:22:08";"2024-10-02 16:49:35";quidem556
180;AABC-105;5;"2024-09-23 02:10:08";"2024-09-23 02:58:04";Kocsis7116
181;AACC-987;2;"2024-10-07 16:37:08";"2024-10-07 17:13:24";sed884
182;PIL-166;5;"2024-10-09 00:56:35";"2024-10-11 20:25:52";Vincze9049
183;NTM-485;2;"2024-10-01 23:11:49";"2024-10-02 00:00:41";Varga2140
184;AABF-847;4;"2024-10-03 16:44:33";"2024-10-03 17:01:24";Király3941
185;AACN-499;5;"2024-10-17 23:03:10";"2024-10-17 23:35:06";perferendis285
186;AAAH-626;4;"2024-10-05 08:37:45";"2024-10-05 08:46:24";Vass4598
187;SLF-208;2;"2024-10-15 06:29:35";"2024-10-17 08:38:57";Balogh5774
188;AABD-059;1;"2024-10-14 08:47:44";"2024-10-14 08:54:05";Székely2845
189;PYG-553;4;"2024-10-20 19:00:43";"2024-10-20 19:48:29";Pap8712
190;AAAA-952;2;"2024-10-06 23:36:34";"2024-10-07 00:26:03";ut485
191;AABO-865;2;"2024-09-29 12:06:24";"2024-09-29 12:10:22";aut943
192;TAH-297;1;"2024-10-21 02:08:52";"2024-10-21 02:14:29";laudantium360
193;AAAL-747;1;"2024-10-22 06:07:42";"2024-10-22 06:18:21";culpa358
194;AAAM-686;4;"2024-10-22 08:00:40";"2024-10-22 08:11:46";Biró4607
195;PPP-966;3;"2024-10-14 17:22:29";"2024-10-17 12:34:29";odio319
196;AAAM-427;4;"2024-10-13 17:03:10";"2024-10-13 17:27:27";Tamás7024
197;TNJ-946;3;"2024-09-26 09:01:37";"2024-09-26 09:24:01";Fazekas3060
198;TSD-677;1;"2024-09-30 03:31:04";"2024-09-30 03:59:57";tenetur443
199;AAAJ-332;5;"2024-10-04 06:05:33";"2024-10-04 06:40:09";odio319
200;AABB-445;3;"2024-10-16 19:18:07";"2024-10-16 19:45:17";omnis511
